Price,Close,Close.1,Close.2,High,High.1,High.2,Low,Low.1,Low.2,Open,Open.1,Open.2,Volume,Volume.1,Volume.2
Ticker,ADMR.JK,BBCA.JK,^JKSE,ADMR.JK,BBCA.JK,^JKSE,ADMR.JK,BBCA.JK,^JKSE,ADMR.JK,BBCA.JK,^JKSE,ADMR.JK,BBCA.JK,^JKSE
Date,ADMR.JK,BBCA.JK,^JKSE,ADMR.JK,BBCA.JK,^JKSE,ADMR.JK,BBCA.JK,^JKSE,ADMR.JK,BBCA.JK,^JKSE,ADMR.JK,BBCA.JK,^JKSE
2023-09-25,1331.092041015625,8013.27392578125,6998.380859375,1391.385408727134,8080.051208496094,7029.76611328125,1326.4540896532012,8013.27392578125,6994.43896484375,1377.471554639863,8080.051208496094,7016.98486328125,34639900,56132200,182991900.0
2023-09-26,1219.78125,7968.75634765625,6923.7998046875,1358.9197956273765,8035.533635485771,7019.5517578125,1182.6776378326997,7968.75634765625,6913.81689453125,1335.7300380228137,8013.274539542597,6998.09716796875,110683700,73544700,222491300.0
2023-09-27,1256.8848876953125,7901.9775390625,6937.828125,1270.7987425406482,8013.272997359154,6970.84619140625,1219.7812747744176,7901.977539062499,6913.35205078125,1224.4192263895295,7924.236630721831,6923.7998046875,68251900,84345000,154929800.0
2023-09-29,1210.5052490234375,7857.4599609375,6939.89208984375,1303.2642719371108,7924.237241058782,6978.5927734375,1201.22934673207,7857.4599609375,6937.828125,1261.5227116259578,7857.4599609375,6937.828125,51014700,118960000,165659400.0
2023-10-02,1219.78125,8080.05078125,6961.458984375,1224.4192015209126,8102.309874311295,6984.5791015625,1131.6601711026617,7901.978036759642,6939.61083984375,1210.5053469581749,7924.237129820936,6939.89208984375,69607000,93663000,157872500.0
2023-10-03,1150.2120361328125,8191.34716796875,6940.88720703125,1219.7813125118132,8191.34716796875,6992.626953125,1145.5740843742124,8035.533499012822,6940.88720703125,1219.7813125118132,8080.051690143087,6961.458984375,58107700,98380200,167668900.0
2023-10-04,1066.728759765625,8191.34716796875,6886.576171875,1150.2118800951087,8235.865359099014,6943.27392578125,1038.9010529891304,8124.569881273353,6839.85791015625,1145.573928965693,8191.34716796875,6940.88720703125,147917700,112582800,196090300.0
2023-10-05,1103.8323974609375,8080.05078125,6874.826171875,1145.5739587094604,8191.3462465564735,6934.80419921875,1043.5390312130712,8080.05078125,6874.826171875,1043.5390312130712,8191.3462465564735,6886.98583984375,111570600,72855700,167955300.0
2023-10-06,1127.022216796875,8035.53271484375,6888.51806640625,1150.2119743441358,8102.309995022507,6913.01220703125,1089.9186047212577,8035.53271484375,6875.09912109375,1103.8324592496142,8102.309995022507,6875.09912109375,67007300,53344400,142303700.0
2023-10-09,1159.4879150390625,8057.791015625,6891.455078125,1173.401770019531,8124.5682892351515,6929.97119140625,1117.7463500976562,8035.531924421615,6880.5380859375,1127.0222534179686,8035.531924421615,6888.51806640625,60634300,43774500,139709000.0
2023-10-10,1238.3330078125,7946.4951171875,6922.18798828125,1261.5227645131085,8013.272387079833,6954.0087890625,1140.9360296699438,7946.4951171875,6891.455078125,1168.7637377106741,8013.272387079833,6891.455078125,105312800,71966100,123670000.0
2023-10-11,1159.4879150390625,7946.4951171875,6931.7529296875,1256.8848999023437,8035.531477043943,6965.8251953125,1150.2120117187499,7946.4951171875,6914.72119140625,1238.3330932617187,7946.4951171875,6922.18798828125,90218100,84305800,178123100.0
2023-10-12,1113.1082763671875,8057.791015625,6935.15087890625,1182.6775436401367,8102.309198031768,6986.8828125,1057.452862548828,8013.272833218231,6931.88916015625,1168.763690185547,8013.272833218231,6931.88916015625,103858000,71064500,218808900.0
2023-10-13,1071.36669921875,8080.05078125,6926.77978515625,1127.0221121651787,8124.568967372589,6973.751953125,1066.728748139881,8035.532595127411,6902.05908203125,1113.1082589285713,8102.309874311295,6934.8779296875,49650400,62941800,216335000.0
2023-10-16,1094.5565185546875,8102.31005859375,6896.2919921875,1127.0221780033435,8124.569152161315,6970.59814453125,1071.3667618056475,8057.791871458619,6878.26318359375,1085.2806158550716,8124.569152161315,6926.916015625,61986000,29429200,341572100.0
2023-10-17,1145.573974609375,7968.75634765625,6939.615234375,1154.849877237791,8080.051827372119,6948.0390625,1099.194461467295,7968.75634765625,6892.23291015625,1113.108315409919,8057.792731428945,6896.2919921875,61807200,59606000,176866700.0
2023-10-18,1205.8673095703125,7879.7197265625,6927.90576171875,1252.246821476863,7968.756107653601,6968.2548828125,1127.0221393291768,7879.7197265625,6908.2861328125,1187.3155048076924,7946.497012380826,6939.615234375,116212200,50919200,187464900.0
2023-10-19,1154.8499755859375,7790.68212890625,6846.4267578125,1252.2469614787274,7879.71849609375,6927.98095703125,1131.6602170400351,7790.68212890625,6840.365234375,1252.2469614787274,7857.459404296875,6927.6328125,79929500,89509700,205941400.0
2023-10-20,1131.66015625,7991.0146484375,6849.16796875,1154.849913550205,8035.532835893976,6869.47412109375,1094.5565445696723,7768.423711155118,6803.19287109375,1154.849913550205,7768.423711155118,6846.4267578125,81105200,64554500,194064800.0
2023-10-23,1080.6427001953125,7879.7197265625,6741.9638671875,1131.6601667281384,7946.497012380826,6853.44921875,1080.6427001953125,7879.7197265625,6730.8759765625,1131.6601667281384,7901.978821835275,6849.16796875,40280300,50633500,168543100.0
2023-10-24,1113.1082763671875,7812.94287109375,6806.76220703125,1117.7462275187174,7901.97925708912,6826.048828125,1080.642618306478,7812.94287109375,6738.533203125,1080.642618306478,7812.94287109375,6741.828125,31212700,76963200,141478700.0
2023-10-25,1099.1944580078125,7901.9775390625,6834.38818359375,1131.6601171050897,7946.495722381162,6878.56005859375,1099.1944580078125,7857.4593557438375,6806.89892578125,1113.1083119066457,7857.4593557438375,6806.89892578125,23483300,54748400,153802700.0
2023-10-26,1029.625244140625,7768.42431640625,6714.51904296875,1113.108372043919,7968.756175568589,6838.80908203125,1015.711389490076,7768.42431640625,6704.52001953125,1103.8324689435528,7946.497080106107,6833.97900390625,53373000,63199400,168306200.0
2023-10-27,1015.7113647460938,7746.16357421875,6758.79296875,1048.177024806471,7835.199937140805,6781.39306640625,1006.4354618717002,7746.16357421875,6713.93701171875,1029.625219057684,7768.422664949264,6714.51904296875,26487600,52450700,163096100.0
2023-10-30,1034.2630615234375,7879.7197265625,6735.89208984375,1034.2630615234375,7879.7197265625,6775.212890625,987.8835520380816,7746.165154925847,6692.77978515625,1020.3492086778307,7746.165154925847,6758.6572265625,25508600,51958200,157763400.0
2023-10-31,1020.349365234375,7790.68212890625,6752.2109375,1052.8150268554687,7857.459404296875,6754.51611328125,983.2457519531249,7768.4230371093745,6666.41015625,1034.2632202148436,7835.2003125,6735.89208984375,22797200,64907600,195489700.0
2023-11-01,1015.7113647460938,7657.12744140625,6642.41796875,1048.177024806471,7812.941081202307,6773.98095703125,983.2457046857163,7657.12744140625,6639.82421875,1020.3493161832905,7790.681989802871,6751.93896484375,25167900,67027600,206571400.0
2023-11-02,1076.004638671875,7879.7197265625,6751.38623046875,1094.5564427869072,7924.23791710805,6784.9951171875,1015.7112752980199,7768.424250198623,6642.68994140625,1015.7112752980199,7768.424250198623,6642.68994140625,39401300,56050900,221191100.0
2023-11-03,1103.8323974609375,7924.2373046875,6788.85009765625,1136.2980562097885,7968.755491792486,6826.6181640625,1085.2805924615939,7879.719117582515,6748.69580078125,1089.9185437114297,7946.496398239993,6751.38623046875,51027200,60414100,231714900.0
2023-11-06,1178.03955078125,8057.791015625,6878.8359375,1182.6775017685777,8057.791015624999,6878.8359375,1108.4702859713336,7968.754650811464,6787.22802734375,1108.4702859713336,7991.013742014848,6788.85009765625,61745600,84994200,228787500.0
2023-11-07,1150.2120361328125,7991.0146484375,6843.7900390625,1187.315650201613,8035.532835893976,6887.02294921875,1131.6602290984122,7924.237367252786,6806.8818359375,1178.0397466844126,8013.2737421657375,6878.8359375,23635100,60648200,193087900.0
2023-11-08,1089.9185791015625,8013.27392578125,6804.10595703125,1150.211947307181,8013.27392578125,6843.91796875,1076.004724900266,7924.237548828125,6760.10205078125,1150.211947307181,7968.7557373046875,6843.65380859375,46649700,31829300,151412300.0
2023-11-09,1099.1944580078125,8013.27392578125,6838.23291015625,1127.0221658054786,8057.7921142578125,6865.0771484375,1099.1944580078125,7924.237548828125,6793.76416015625,1099.1944580078125,7924.237548828125,6804.10595703125,15904900,46076800,120495400.0
2023-11-10,1089.9185791015625,7857.4599609375,6809.26318359375,1127.0221903050199,8013.273614553825,6843.95703125,1080.6426763006982,7857.4599609375,6801.9189453125,1099.1944819024268,7968.7554278063035,6838.23291015625,13381600,50754600,133618500.0
2023-11-13,1043.5390625,7901.9775390625,6838.31201171875,1103.8324305555557,7946.495722381162,6857.10302734375,1043.5390625,7879.718447403168,6809.26318359375,1103.8324305555557,7901.977539062499,6809.26318359375,23200700,20827700,187630200.0
2023-11-14,1099.1944580078125,7946.4951171875,6862.05517578125,1122.3842145058677,7968.754207151611,6886.81005859375,1038.9010911128692,7901.976937259279,6829.94921875,1043.5390424124803,7924.23602722339,6838.0400390625,24202100,37195700,152609900.0
2023-11-15,1145.573974609375,8057.791015625,6958.205078125,1159.487828551999,8057.791015624999,6985.5908203125,1108.470364095711,7968.754650811464,6862.3271484375,1113.108315409919,7991.013742014848,6862.3271484375,32139800,84977900,181839600.0
2023-11-16,1122.38427734375,8080.05078125,6958.0078125,1145.5740351401084,8080.05078125,6964.1689453125,1099.1945195473916,7968.7553159435265,6906.59423828125,1131.6601804622933,8057.791688188705,6958.3408203125,16077400,48714300,122880300.0
2023-11-17,1099.1944580078125,8080.05078125,6977.66796875,1154.8498736031447,8080.05078125,6977.66796875,1099.1944580078125,7991.014409004821,6919.6298828125,1113.1083119066457,8035.532595127411,6958.14501953125,13506200,57050500,122926700.0
2023-11-20,1080.6427001953125,7901.9775390625,6994.88818359375,1122.38426372217,8035.532089018486,7011.05908203125,1080.6427001953125,7901.977539062499,6962.7509765625,1103.8324577102335,7991.013905699823,6977.66796875,13413100,49216000,150491900.0
2023-11-21,1122.38427734375,7812.94287109375,6961.7900390625,1136.2981320215652,7924.238353587963,7010.97802734375,1085.2806648695764,7812.94287109375,6946.9609375,1089.918616428848,7857.461064091435,6994.88818359375,16072000,107614800,160615900.0
2023-11-22,1117.746337890625,7901.9775390625,6906.953125,1131.660192719139,7901.977539062499,6965.4111328125,1103.832483062111,7812.941172425176,6893.5068359375,1122.3842895001296,7812.941172425176,6961.7900390625,14674600,40364800,181914600.0
2023-11-23,1103.8323974609375,7946.4951171875,7004.34423828125,1127.0221537101168,7991.013297115722,7018.42919921875,1094.5564949612658,7879.717847295168,6906.60986328125,1117.746251210445,7879.717847295168,6907.0888671875,9172900,55542100,219080000.0
2023-11-24,1094.5565185546875,7946.4951171875,7009.630859375,1113.1083239539194,7991.013297115722,7049.541015625,1085.2806158550716,7924.23602722339,7000.09716796875,1113.1083239539194,7946.4951171875,7004.47998046875,12216900,43631900,181146200.0
2023-11-27,1164.1258544921875,7901.9775390625,7013.40576171875,1242.9710318880727,7968.754814040492,7061.8271484375,1094.5565803193476,7901.977539062499,7008.81298828125,1094.5565803193476,7924.236630721831,7009.630859375,107033800,35679000,163462500.0
2023-11-28,1164.1258544921875,7901.9775390625,7041.0732421875,1182.6776609382782,7968.754814040492,7067.14306640625,1145.5740480460968,7879.718447403168,7010.8251953125,1173.4017577152329,7901.977539062499,7013.40576171875,23489700,69070600,167633600.0
2023-11-29,1173.401611328125,7924.2373046875,7036.0869140625,1205.8672685585475,7968.755491792486,7070.19091796875,1150.2118561635375,7924.2373046875,7020.01220703125,1168.7636602952075,7924.2373046875,7041.0732421875,19359800,54715600,167555900.0
2023-11-30,1229.05712890625,7991.0146484375,7080.7412109375,1242.9709831957548,7991.0146484375,7109.60888671875,1173.401711748231,7924.237367252786,7036.0869140625,1173.401711748231,7946.496460981023,7036.0869140625,60080500,205312100,259745500.0
2023-12-01,1182.677490234375,7968.75634765625,7059.90576171875,1252.2467543658088,7991.015443599424,7083.85595703125,1164.1256864659927,7924.238155769902,7022.76513671875,1229.0569996553309,7946.4972517130755,7080.06103515625,34732800,80566400,265990100.0
2023-12-04,1205.8673095703125,7984.41015625,7093.60009765625,1224.4191143329326,8073.871334471289,7149.244140625,1164.125748854417,7984.41015625,7060.0419921875,1187.3155048076924,8006.775450805322,7060.0419921875,30761200,54747400,308380600.0
2023-12-05,1205.8673095703125,7962.0458984375,7100.85498046875,1261.522723858173,8006.776493372542,7117.578125,1196.5914071890024,7894.950006034936,7047.6318359375,1210.5052607609675,8006.776493372542,7093.05615234375,29321600,94363900,319577000.0
2023-12-06,1205.8673095703125,7872.5859375,7087.39501953125,1238.3329679048977,8006.777743252841,7140.1572265625,1205.8673095703125,7872.5859375,7085.81201171875,1215.1432119516226,7917.316539417614,7100.85498046875,15688200,81852800,272847500.0
2023-12-07,1210.5052490234375,7894.94970703125,7134.623046875,1229.057053606172,7894.94970703125,7134.623046875,1187.3154932950192,7805.48852054931,7041.0087890625,1201.22934673207,7827.853817169795,7087.39501953125,28377900,91322500,235230700.0
2023-12-08,1270.7987060546875,7827.853515625,7159.59814453125,1298.6264149463962,7917.314698660714,7201.62890625,1215.1432882712706,7827.853515625,7123.037109375,1215.1432882712706,7872.584107142858,7134.623046875,50683400,43891600,270037600.0
2023-12-11,1289.3504638671875,7827.853515625,7088.78515625,1335.7299769559354,7850.218811383928,7153.115234375,1266.1607073228138,7760.757628348214,7045.1728515625,1270.7986586316883,7760.757628348214,7139.27587890625,46007100,78642800,490104800.0
2023-12-12,1293.988525390625,7783.12255859375,7125.30712890625,1331.0921390218973,7827.853148010955,7134.22021484375,1270.7987668710798,7783.12255859375,7082.8798828125,1303.264428798443,7783.12255859375,7104.97216796875,25499200,87589300,255110500.0
2023-12-13,1210.5052490234375,7760.75927734375,7075.3408203125,1317.178125374162,7827.855178876981,7124.47509765625,1205.8672978777538,7760.75927734375,7045.94287109375,1293.9883696457434,7783.124577854826,7110.0771484375,33125800,51560500,182766500.0
2023-12-14,1280.0745849609375,8096.2373046875,7176.01611328125,1280.0745849609375,8096.2373046875,7191.1591796875,1210.5053140391474,7827.853747626036,7115.44677734375,1210.5053140391474,7850.219044047824,7134.0419921875,27536900,115332800,228648300.0
2023-12-15,1312.5401611328125,8252.794921875,7190.98779296875,1326.4540144310402,8252.794921875,7215.93701171875,1270.7986012381295,8118.60313452744,7169.43017578125,1289.3504056357663,8163.33373030996,7183.14892578125,24369500,275013500,207901200.0
2023-12-18,1284.7125244140625,8230.4306640625,7119.52490234375,1377.4715514475688,8252.79596478006,7192.89208984375,1280.0745730623871,8185.7000626273775,7092.02783203125,1303.2643298207638,8230.4306640625,7181.43408203125,53575000,111712200,239480200.0
2023-12-19,1335.72998046875,8275.1611328125,7187.84619140625,1354.281785753038,8275.1611328125,7187.84619140625,1284.7125159369575,8163.334631017737,7112.81787109375,1289.3504672580295,8163.334631017737,7116.5458984375,16471700,65174500,155446500.0
2023-12-20,1307.9022216796875,8319.8916015625,7219.6669921875,1363.5576353681847,8319.8916015625,7237.9658203125,1303.2642705389794,8252.7957015499,7196.2412109375,1345.0058308053524,8275.1610015541,7207.18017578125,19455700,72938100,142313600.0
2023-12-21,1270.7987060546875,8342.255859375,7209.619140625,1307.902317910299,8342.255859375,7229.2880859375,1256.8848516088333,8275.159967744637,7173.0078125,1307.902317910299,8319.89056216488,7222.0927734375,15891200,88116700,144347800.0
2023-12-22,1247.60888671875,8342.255859375,7237.51904296875,1293.9883992361756,8364.62115658512,7248.5478515625,1229.0570817117798,8297.525264954758,7218.1748046875,1270.7986429774628,8297.525264954758,7225.6201171875,14740000,64449600,111284900.0
2023-12-27,1233.695068359375,8386.9853515625,7245.916015625,1261.522776668233,8409.350645833334,7293.52490234375,1233.695068359375,8342.254763020834,7239.6630859375,1261.522776668233,8386.9853515625,7256.158203125,16676800,64464700,124953000.0
2023-12-28,1266.1607666015625,8409.3515625,7303.88818359375,1284.7125727056148,8431.716859208776,7308.205078125,1224.419202867445,8342.25567237367,7262.25390625,1238.3330574454842,8342.25567237367,7266.56884765625,15519200,70184600,123036000.0
2023-12-29,1261.5228271484375,8409.3515625,7272.796875,1275.4366818596336,8454.082155917553,7309.7822265625,1238.3330692964441,8364.620969082447,7259.68212890625,1266.1607787188361,8431.716859208776,7307.11083984375,9658600,79903400,123172800.0
2024-01-02,1307.9022216796875,8431.7177734375,7323.587890625,1312.5401728203956,8431.7177734375,7323.587890625,1256.8847591318981,8364.62187603614,7245.56591796875,1256.8847591318981,8409.352474303714,7268.39794921875,16832300,30545200,121359000.0
2024-01-03,1289.3504638671875,8364.62109375,7279.0908203125,1312.5402204115614,8431.716984876337,7321.87890625,1275.4366099405631,8342.255796707888,7275.8740234375,1312.5402204115614,8431.716984876337,7316.10888671875,19641000,34603300,159498400.0
2024-01-04,1303.264404296875,8476.4482421875,7359.76318359375,1317.1782591470196,8476.4482421875,7371.23486328125,1284.7125978300155,8386.987047019295,7280.4072265625,1289.3505494467304,8409.352345811347,7290.06494140625,11072700,56501800,155674900.0
2024-01-05,1270.7987060546875,8565.9091796875,7350.619140625,1317.1782208742018,8588.274477806788,7403.578125,1261.5228030907847,8476.447987210346,7350.619140625,1307.902317910299,8498.813285329636,7376.2880859375,18888500,85290100,163057200.0
2024-01-08,1233.695068359375,8565.9091796875,7283.5751953125,1270.7986794378523,8610.639775926078,7393.1318359375,1210.5053114353266,8476.447987210346,7275.1708984375,1270.7986794378523,8588.274477806788,7362.046875,28606200,50896000,140602400.0
2024-01-09,1191.9534912109375,8610.640625,7200.203125,1252.2468584706348,8610.640625,7311.63818359375,1168.7637345725925,8565.91002435065,7180.1572265625,1247.6089071429658,8588.275324675325,7299.783203125,34696100,59848600,152570700.0
2024-01-10,1252.246826171875,8543.54296875,7227.296875,1256.8847773799191,8633.004151668849,7259.60107421875,1187.3155092592592,8543.54296875,7152.8779296875,1196.5914116753472,8633.004151668849,7187.580078125,31769900,52774900,152699300.0
2024-01-11,1266.1607666015625,8565.9091796875,7219.9638671875,1280.0746211796015,8633.005074045366,7277.5009765625,1233.6951059194712,8565.9091796875,7219.9638671875,1252.2469120235232,8610.639775926078,7253.4560546875,25320100,39381500,190523900.0
2024-01-12,1256.8848876953125,8677.7353515625,7241.13818359375,1280.0746457708717,8677.7353515625,7271.8720703125,1242.971032849977,8588.274162371134,7205.7587890625,1270.7987425406482,8633.004756966817,7242.3671875,14620000,68253400,152196500.0
2024-01-15,1256.8848876953125,8700.1015625,7224.0009765625,1256.8848876953125,8722.46686214653,7281.26123046875,1256.8848876953125,8633.00566356041,7206.30712890625,1256.8848876953125,8722.46686214653,7254.044921875,0,88399500,132959600.0
2024-01-16,1219.78125,8677.7353515625,7242.787109375,1242.9710076045628,8722.465946158183,7268.17822265625,1210.5053469581749,8655.370054264658,7210.02880859375,1242.9710076045628,8677.7353515625,7231.63916015625,11688000,44869200,130295500.0
2024-01-17,1191.9534912109375,8722.4658203125,7200.634765625,1219.7811991769515,8722.4658203125,7252.45703125,1178.0396372279304,8633.00463241186,7162.48486328125,1219.7811991769515,8722.4658203125,7248.01416015625,30140200,107706100,202143100.0
2024-01-18,1191.9534912109375,8655.3701171875,7252.966796875,1219.7811991769515,8722.4660095688,7267.080078125,1182.6775885555994,8610.639522266634,7185.37890625,1182.6775885555994,8655.3701171875,7198.85009765625,14175300,71048900,158921700.0
2024-01-19,1201.2293701171875,8610.640625,7227.40185546875,1219.7811750610822,8744.832426948053,7277.97900390625,1187.3155164092664,8588.275324675325,7170.80517578125,1191.9534676452402,8744.832426948053,7271.341796875,12234700,63176500,137359600.0
2024-01-22,1201.2293701171875,8610.640625,7247.92822265625,1210.5052725891348,8633.005925324675,7247.92822265625,1191.9534676452402,8521.179423701298,7194.951171875,1201.2293701171875,8588.275324675325,7233.1728515625,6919500,52868300,141722200.0
2024-01-23,1256.8848876953125,8588.2744140625,7256.22900390625,1298.6264522313193,8588.2744140625,7256.22900390625,1187.3156134686346,8454.082626342773,7201.8291015625,1201.2294683139703,8454.082626342773,7232.51611328125,26589900,92348600,132610200.0
2024-01-24,1266.1607666015625,8521.1787109375,7227.8232421875,1280.0746211796015,8588.274606299214,7271.9580078125,1238.3330574454842,8476.448114029692,7170.2978515625,1261.5228150755495,8588.274606299214,7255.77001953125,30370800,84906000,128902300.0
2024-01-25,1275.4366455078125,8498.8134765625,7178.0419921875,1307.9023055752841,8565.909372430098,7253.72021484375,1270.7986940696023,8454.082879317435,7176.11181640625,1270.7986940696023,8454.082879317435,7215.52685546875,32924400,63212700,130391900.0
2024-01-26,1210.5052490234375,8364.62109375,7137.087890625,1275.4365650630089,8454.08228191845,7166.68994140625,1205.8672978777538,8319.890499665777,7099.083984375,1275.4365650630089,8409.351687834225,7152.26904296875,33459900,78977300,140214300.0
2024-01-29,1280.0745849609375,8543.54296875,7157.1748046875,1289.3504877505095,8543.54296875,7177.69677734375,1215.1432654339335,8386.985898642017,7115.0361328125,1215.1432654339335,8409.351194371728,7147.71484375,25974000,73452800,160408500.0
2024-01-30,1377.4715576171875,8633.00390625,7192.2158203125,1377.4715576171875,8633.00390625,7213.18896484375,1252.2468705610795,8476.446840592616,7133.61376953125,1280.0745787957703,8498.812135686529,7147.23583984375,67587100,73136400,182161800.0
2024-01-31,1368.1956787109375,8543.54296875,7207.94091796875,1391.3854359772245,8677.734743128272,7247.51806640625,1354.2818243511651,8543.54296875,7192.64404296875,1386.7474845239672,8677.734743128272,7213.30712890625,22227400,102581200,170270400.0
2024-02-01,1326.4541015625,8677.7353515625,7201.69580078125,1368.195664199082,8700.100648860342,7248.52978515625,1326.4541015625,8565.908865073292,7191.69482421875,1363.5577127950176,8633.004756966817,7221.85205078125,13504000,104208700,157409100.0
2024-02-02,1307.9022216796875,8677.7353515625,7238.78515625,1349.6437819460605,8767.196540753866,7238.78515625,1284.7124659761469,8610.639459668975,7180.35693359375,1326.4540262425198,8744.831243456025,7221.90087890625,27833500,99324000,114364900.0
2024-02-05,1382.1094970703125,8565.9091796875,7198.615234375,1382.1094970703125,8655.370372164654,7254.0888671875,1312.5402270835518,8521.178583448924,7186.1708984375,1317.1781784160025,8655.370372164654,7237.3349609375,29681500,57983300,137325900.0
2024-02-06,1349.643798828125,8610.640625,7247.408203125,1409.937164411512,8722.467126623376,7268.1318359375,1331.0919940332367,8610.640625,7212.14013671875,1386.7474084179016,8722.467126623376,7230.14892578125,31230200,87651000,138020300.0
2024-02-07,1354.28173828125,8677.7353515625,7235.15185546875,1358.9196894397473,8700.100648860342,7285.1279296875,1321.816080171768,8633.004756966817,7225.44921875,1349.6437871227527,8677.7353515625,7264.97607421875,11862000,92953500,138054800.0
2024-02-12,1372.8336181640625,8767.1962890625,7297.6689453125,1391.3854238149281,8767.1962890625,7306.158203125,1335.730006862331,8677.735102439412,7250.31005859375,1358.9197639259132,8722.465695750956,7268.3349609375,23205000,87949400,178661300.0
2024-02-13,1372.8336181640625,8700.1015625,7209.7412109375,1386.7474724022118,8767.19746143959,7301.587890625,1345.005909687764,8677.73626285347,7197.8271484375,1372.8336181640625,8722.46686214653,7301.587890625,17103300,66072400,128287400.0
2024-02-15,1419.213134765625,8811.9267578125,7303.28076171875,1479.50650323606,8923.753239510628,7365.68212890625,1386.7474748200061,8811.9267578125,7298.48193359375,1396.0233776616114,8901.387943171003,7337.630859375,91698800,164748900,184420400.0
2024-02-16,1317.1781005859375,8901.388671875,7335.544921875,1433.1268770459671,8946.11926821608,7370.56982421875,1293.9883452939316,8834.29277736338,7314.8828125,1419.2130238707637,8923.75397004554,7337.81591796875,92386900,142277200,146427800.0
2024-02-19,1307.9022216796875,8834.291015625,7296.7021484375,1326.4540262425198,8923.752190466772,7339.755859375,1280.0745148354388,8789.560428204113,7277.537109375,1317.1781239611037,8856.656309335443,7323.31201171875,36991600,53341300,151238000.0
2024-02-20,1340.367919921875,8968.4833984375,7352.60107421875,1358.919725041901,8968.4833984375,7354.10791015625,1298.6263584018168,8811.926331631857,7309.498046875,1317.1781635218426,8811.926331631857,7320.72314453125,48402300,63997700,129972000.0
2024-02-21,1349.643798828125,8923.7529296875,7349.02099609375,1377.4715060204574,8946.118225250626,7370.8818359375,1331.0919940332367,8811.926451871866,7286.669921875,1345.005847629403,8901.387634124374,7345.791015625,34217500,75371600,152570100.0
2024-02-22,1349.643798828125,8834.291015625,7339.63623046875,1368.1956036230133,8923.752190466772,7365.76123046875,1335.7299452319587,8834.291015625,7321.52294921875,1349.643798828125,8923.752190466772,7334.9521484375,14721700,66913000,154523800.0
2024-02-23,1363.5577392578125,8789.5615234375,7295.09521484375,1377.4715937400351,8879.022709426687,7340.18994140625,1335.7300302933675,8767.196226940205,7262.10009765625,1354.2818362696642,8856.65741292939,7326.52685546875,22860800,55192300,146259500.0
2024-02-26,1405.29931640625,8767.1962890625,7283.8232421875,1405.29931640625,8834.292179029815,7295.14208984375,1354.28184947401,8700.100399095185,7252.2841796875,1363.5577525525991,8722.465695750956,7277.64013671875,28285000,41356000,147080400.0
2024-02-27,1414.5751953125,8834.291015625,7285.31689453125,1423.851098232582,8856.656309335443,7292.93115234375,1382.1095350922133,8722.464547072785,7255.1240234375,1405.299292392418,8722.464547072785,7263.98779296875,26991500,43735800,183851000.0
2024-02-28,1442.4029541015625,8946.1181640625,7328.63623046875,1460.954760585184,8946.1181640625,7328.73876953125,1396.023437892509,8856.656982421875,7289.2578125,1414.5752443761305,8923.752868652344,7292.0751953125,43323400,54043100,220356500.0
2024-02-29,1437.7650146484375,8834.291015625,7316.11083984375,1442.4029663085937,8946.117484177215,7337.9228515625,1423.8511596679687,8811.925721914557,7289.341796875,1442.4029663085937,8946.117484177215,7326.80322265625,15482700,126671200,230050900.0
2024-03-01,1382.1094970703125,8789.5615234375,7311.9072265625,1484.1444263842282,8879.022709426687,7331.31591796875,1372.833594405411,8767.196226940205,7269.89404296875,1484.1444263842282,8856.65741292939,7318.666015625,43102000,51520600,134622000.0
2024-03-04,1372.8336181640625,8722.4658203125,7276.7490234375,1414.5751808785103,8789.56171123798,7328.384765625,1372.8336181640625,8722.4658203125,7259.78076171875,1382.1095209894954,8767.19641426282,7318.83203125,14832600,43822900,168064100.0
2024-03-05,1331.092041015625,8767.1962890625,7247.4599609375,1377.471554639863,8856.657475685586,7305.44677734375,1317.1781869283536,8744.830992406727,7238.3388671875,1372.8336032774391,8856.657475685586,7296.5341796875,33800500,61952900,152811800.0
2024-03-06,1391.3853759765625,8901.388671875,7329.80078125,1391.3853759765625,8946.11926821608,7331.0810546875,1340.367912190755,8744.831584681218,7248.52783203125,1340.367912190755,8856.65807553392,7252.0849609375,21261100,70242200,180285900.0
2024-03-07,1363.5577392578125,9057.9462890625,7373.9638671875,1409.9372541985545,9102.676888020833,7386.8740234375,1354.2818362696642,8946.119791666666,7334.30810546875,1396.0233997163318,8990.850390625,7338.73193359375,21925800,118369300,193312700.0
2024-03-08,1349.643798828125,9080.3115234375,7381.9072265625,1382.1094572191796,9214.50331935037,7416.43310546875,1345.005847629403,9057.946224118688,7376.15576171875,1363.5576524242913,9169.772720712746,7398.42919921875,14959800,100947200,125243200.0
2024-03-13,1233.695068359375,8946.1181640625,7421.20703125,1358.9197557492364,9303.962890625,7441.6162109375,1229.0571169745654,8946.1181640625,7392.01123046875,1345.0059015948073,9303.962890625,7422.3017578125,73203600,141622600,135225800.0
2024-03-14,1247.60888671875,9236.8671875,7433.31494140625,1270.7986429774628,9236.8671875,7454.4482421875,1233.6950329635224,8968.48363725787,7380.64794921875,1233.6950329635224,8990.848933111381,7405.56689453125,29543300,110681100,129206200.0
2024-03-15,1266.1607666015625,9080.3115234375,7328.05419921875,1266.1607666015625,9214.50331935037,7416.3388671875,1238.3330574454842,8990.850326162254,7308.03515625,1247.6089604975102,9125.042122075123,7408.658203125,20446200,154176800,231480500.0
2024-03-18,1219.78125,9080.3115234375,7302.44921875,1275.4366682509506,9192.138020031558,7358.55078125,1215.1432984790874,9080.3115234375,7300.94091796875,1266.1607652091254,9102.676822756312,7338.076171875,33262800,62444100,155334600.0
2024-03-19,1229.05712890625,9102.67578125,7336.74609375,1242.9709831957548,9169.771671529485,7361.52978515625,1215.1432746167452,9080.310484490172,7314.18017578125,1219.7812260465803,9080.310484490172,7320.5380859375,9544000,55004800,137594400.0
2024-03-20,1252.246826171875,9057.9462890625,7331.1279296875,1270.798631004051,9080.311588541666,7343.4599609375,1215.1432165075232,9013.215690104167,7295.35009765625,1229.057070131655,9035.580989583334,7303.92919921875,26770800,66269700,169731600.0
2024-03-21,1224.419189453125,9057.9462890625,7338.35302734375,1266.1607527299361,9147.407486979168,7396.47119140625,1219.7812379779239,8990.850390625,7336.59521484375,1252.2468983043325,9102.676888020833,7360.55810546875,23929400,90279400,139792200.0
2024-03-22,1205.8673095703125,9035.580078125,7350.15185546875,1233.6950167142427,9057.945375348083,7350.15185546875,1196.5914071890024,8901.38829478651,7318.43603515625,1233.6950167142427,8946.118889232674,7327.51416015625,21290100,91968200,123735900.0
2024-03-25,1205.8673095703125,9220.9140625,7377.759765625,1205.8673095703125,9220.9140625,7377.759765625,1205.8673095703125,9083.629982165012,7316.92919921875,1205.8673095703125,9220.9140625,7339.52392578125,0,66971000,124315600.0
2024-03-26,1205.8673095703125,9198.033203125,7365.6640625,1205.8673095703125,9198.033203125,7371.84423828125,1205.8673095703125,9106.510484685945,7330.4638671875,1205.8673095703125,9198.033203125,7337.6611328125,0,65742700,138442500.0
2024-03-27,1233.695068359375,9220.9140625,7310.091796875,1256.8848252834234,9220.9140625,7375.39990234375,1233.695068359375,9152.272022332507,7292.7978515625,1247.608922513804,9175.152702388337,7364.23095703125,13441200,39514100,125276700.0
2024-03-28,1215.1431884765625,9220.9140625,7288.81298828125,1247.6088461839515,9243.79474255583,7313.01416015625,1205.8672862744513,9129.391342276675,7244.9541015625,1238.3329439818403,9175.152702388337,7289.158203125,13488600,79229700,124084200.0
2024-04-01,1210.5052490234375,9014.9873046875,7205.06103515625,1252.2468093345906,9243.794089070432,7295.0029296875,1205.8672978777538,8992.106626249208,7137.4638671875,1215.1432001691212,9220.913410632138,7286.11376953125,25678200,79248700,124345600.0
2024-04-02,1196.5914306640625,9060.75,7236.98388671875,1224.4191383539244,9106.511363636364,7236.98388671875,1168.7637229742006,8969.227272727274,7153.93896484375,1210.5052845089933,9083.630681818182,7199.1240234375,26818100,76763100,127711500.0
2024-04-03,1215.1431884765625,8717.5390625,7166.84423828125,1224.4190906786737,8969.22654199475,7226.35302734375,1191.9534329712844,8717.5390625,7158.740234375,1196.5913840723401,8923.465182086615,7214.02001953125,24912700,177418400,111040300.0
2024-04-04,1252.246826171875,9014.9873046875,7254.39892578125,1252.246826171875,9014.9873046875,7254.39892578125,1210.505265299479,8763.299841866276,7165.8310546875,1215.1432165075232,8763.299841866276,7170.71923828125,23446100,75993500,108900300.0
2024-04-05,1242.970947265625,8992.1064453125,7286.8818359375,1261.522752448694,9106.509835201972,7298.85888671875,1229.0570933783233,8992.1064453125,7239.27392578125,1261.522752448694,9106.509835201972,7245.32177734375,11497100,70428600,94886600.0
2024-04-16,1335.72998046875,8671.7783203125,7164.80712890625,1340.367931789822,8763.301046648252,7188.0888671875,1229.0571000840928,8465.852186057058,7066.5732421875,1252.2468566894531,8557.37491239281,7130.6279296875,45559500,283265900,175642500.0
2024-04-17,1280.0745849609375,8717.5390625,7130.8408203125,1345.0059044879417,8854.82314222441,7234.3740234375,1270.7986821713655,8717.5390625,7130.8408203125,1335.7300016983697,8740.419742454069,7199.830078125,34808500,95620700,143541300.0
2024-04-18,1298.62646484375,8671.7783203125,7166.81396484375,1298.62646484375,8763.301046648252,7180.55908203125,1256.8848999023437,8648.897638728562,7135.52001953125,1284.7126098632812,8717.539683480376,7151.73779296875,17258100,127134000,129376600.0
2024-04-19,1298.62646484375,8671.7783203125,7087.31689453125,1307.9023681640624,8694.659001896438,7141.5810546875,1266.160803222656,8511.613549224934,7036.2060546875,1298.62646484375,8557.37491239281,7131.455078125,11341700,147784300,150694500.0
2024-04-22,1335.72998046875,8557.3740234375,7073.81982421875,1354.281785753038,8626.016061058657,7117.02392578125,1293.9884185791016,8557.3740234375,7026.47705078125,1298.6263699001736,8603.135381851605,7099.51708984375,41961700,128908000,121595900.0
2024-04-23,1307.9022216796875,8900.5849609375,7110.81298828125,1345.0058308053524,8946.34632320453,7165.9541015625,1307.9022216796875,8603.136106201799,7099.841796875,1335.729928523936,8603.136106201799,7102.80810546875,10227700,178833000,172892100.0
2024-04-24,1252.246826171875,9106.5107421875,7174.533203125,1317.1781430844908,9106.5107421875,7191.1767578125,1252.246826171875,8923.46530013348,7126.85009765625,1312.540191876447,8992.107340903736,7127.0478515625,22315200,132832700,154056000.0
2024-04-25,1205.8673095703125,8946.3466796875,7155.2939453125,1256.884772667518,9152.272818094629,7177.06494140625,1196.5914071890024,8877.70463355179,7132.10205078125,1256.884772667518,9152.272818094629,7167.98388671875,31287800,104874100,140400000.0
2024-04-26,1224.419189453125,8809.0625,7036.0751953125,1229.0571409283264,8992.107954545456,7149.25390625,1191.9535291267164,8809.0625,7036.0751953125,1205.8673835523202,8877.704545454546,7137.93408203125,6401600,100932900,137603900.0
2024-04-29,1242.970947265625,8969.2265625,7155.7841796875,1242.970947265625,9014.987922512755,7155.7841796875,1215.1432394910214,8717.539082429847,7021.4921875,1229.0570933783233,8717.539082429847,7021.4921875,6343100,90063500,129998600.0
2024-04-30,1247.60888671875,8969.2265625,7234.19677734375,1252.2468379704926,9198.033362563776,7266.8681640625,1215.1432279565522,8969.2265625,7179.68505859375,1242.9709354670074,9198.033362563776,7187.4140625,10715400,109623000,156560600.0
2024-05-02,1256.8848876953125,8740.4189453125,7117.4248046875,1284.7125973859836,9060.748435454843,7232.9521484375,1233.6951296197533,8694.657589577879,7072.47412109375,1252.2469360802006,9060.748435454843,7227.60791015625,21442300,97079400,145628700.0
2024-05-03,1233.695068359375,9014.9873046875,7134.72412109375,1275.4366308226622,9014.9873046875,7165.10205078125,1224.4191655897557,8854.822555619448,7094.6162109375,1252.2468738986138,8923.464590934327,7142.86376953125,7314200,81200400,159524500.0
2024-05-06,1247.60888671875,8969.2265625,7135.89013671875,1256.8847892222352,9037.868602519133,7178.76708984375,1205.867325453067,8946.345882493622,7102.68505859375,1233.6950329635224,9014.987922512755,7171.58984375,10872700,53076200,164988900.0
2024-05-07,1252.246826171875,8877.703125,7123.61181640625,1261.522728587963,8923.464481314433,7159.76708984375,1224.4191189236112,8809.06109052835,7108.17578125,1252.246826171875,8877.703125,7136.85205078125,9219500,66746800,148490800.0
2024-05-08,1219.78125,8580.25390625,7088.794921875,1256.8848621673005,8877.702708333334,7164.30810546875,1215.1432984790874,8580.25390625,7071.34521484375,1247.6089591254754,8786.18,7129.4560546875,6606000,112808900,147871800.0
2024-05-13,1224.419189453125,8717.5390625,7099.26123046875,1229.0571409283264,8717.5390625,7111.59912109375,1219.7812379779239,8420.090223097113,7052.22998046875,1219.7812379779239,8420.090223097113,7061.373046875,6904900,145469900,134590500.0
2024-05-14,1233.695068359375,8740.4189453125,7083.76318359375,1242.9709711289943,8854.82233464905,7136.64013671875,1215.1432628201362,8717.53826744519,7071.501953125,1224.4191655897557,8809.060978914431,7095.52197265625,11226300,95363500,137468100.0
2024-05-15,1229.05712890625,8694.658203125,7179.8310546875,1252.2468860554245,8786.180921052632,7192.14501953125,1201.2294203272406,8626.016164679277,7082.1181640625,1233.6950803360849,8694.658203125,7085.37890625,13683800,54741900,139854300.0
2024-05-16,1210.5052490234375,8786.1806640625,7246.69580078125,1238.3329558975395,8854.822700500488,7270.7568359375,1205.8672978777538,8717.538627624512,7201.9150390625,1229.057053606172,8763.299985249838,7203.169921875,7397500,61126000,154713600.0
2024-05-17,1205.8673095703125,8923.46484375,7317.23779296875,1219.7811631422776,9014.987560096153,7356.71484375,1196.5914071890024,8763.30009014423,7245.19580078125,1215.1432119516226,8786.180769230768,7249.72705078125,7055300,99848500,181505100.0
2024-05-20,1224.419189453125,8671.7783203125,7266.69091796875,1261.522801254735,8969.227180903694,7374.546875,1205.8673835523202,8671.7783203125,7243.01220703125,1205.8673835523202,8877.704454567942,7329.39990234375,33830000,87890100,158071100.0
2024-05-21,1242.970947265625,8580.25390625,7186.037109375,1256.8848011529267,8763.299322916668,7295.05615234375,1229.0570933783233,8580.25390625,7179.52880859375,1233.6950446740905,8648.8959375,7258.4111328125,13173500,75311400,135589400.0
2024-05-22,1270.7987060546875,8626.0166015625,7222.3818359375,1275.436657536639,8763.300685406995,7239.86181640625,1242.970997162979,8534.493878999503,7191.10595703125,1242.970997162979,8671.777962843998,7198.19287109375,25619400,121712700,135720300.0
2024-05-27,1298.62646484375,8511.61328125,7176.419921875,1321.8162231445312,8580.255323840725,7256.18408203125,1270.7987548828125,8488.732600386425,7171.48583984375,1270.7987548828125,8511.61328125,7219.98193359375,47880400,128578500,190885600.0
2024-05-28,1377.4715576171875,8511.61328125,7253.6259765625,1400.6613144794296,8603.136004704302,7308.13720703125,1289.350481540667,8511.61328125,7228.4111328125,1303.2643356580124,8511.61328125,7228.5078125,88515300,73945700,166427200.0
2024-05-29,1345.005859375,8374.328125,7140.22900390625,1386.7474205280173,8534.492870560109,7282.0,1326.4540544181034,8374.328125,7127.208984375,1372.8335668103448,8488.731514685793,7275.52978515625,26418800,117351600,144619600.0
2024-05-30,1377.4715576171875,8237.044921875,7034.14208984375,1386.7474603620844,8465.851725260416,7134.70703125,1331.092043892703,8031.118798828125,6984.97900390625,1340.3679466376,8237.044921875,7125.77197265625,23876300,207115100,177693800.0
2024-05-31,1345.005859375,8465.8525390625,6970.73583984375,1400.6612742456896,8465.8525390625,7102.21923828125,1340.367908135776,8259.92639622044,6959.22705078125,1377.4715180495689,8328.56844383446,7076.373046875,19192000,756431600,269684600.0
2024-06-03,1307.9022216796875,8488.732421875,7036.19091796875,1372.8335376496009,8557.374463022237,7088.40087890625,1280.0745148354388,8442.971061110175,6993.09423828125,1345.0058308053524,8557.374463022237,7030.20703125,23437600,72197700,141774800.0
2024-06-04,1242.970947265625,8557.3740234375,7099.31201171875,1326.4540705894356,8717.538777886866,7149.19287109375,1238.3329959698578,8557.3740234375,7065.0341796875,1307.9022654063667,8717.538777886866,7071.09423828125,42011800,75353100,160663800.0
2024-06-05,1242.970947265625,8648.896484375,6947.669921875,1266.1607037444612,8694.657841435186,7118.34912109375,1224.419142082556,8511.612413194445,6934.94287109375,1242.970947265625,8694.657841435186,7114.53515625,26387700,82087300,137116300.0
2024-06-06,1247.60888671875,8671.7783203125,6974.89697265625,1270.7986429774628,8717.539683480376,7032.57421875,1242.9709354670074,8648.897638728562,6939.5458984375,1242.9709354670074,8717.539683480376,6992.56298828125,6921500,44991300,129986000.0
2024-06-07,1233.695068359375,8534.4931640625,6897.9501953125,1275.4366308226622,8694.657915130698,6994.115234375,1219.7812142049459,8534.4931640625,6887.81201171875,1252.2468738986138,8694.657915130698,6987.7939453125,16721500,51599800,109886700.0
2024-06-10,1210.5052490234375,8717.5390625,6921.5478515625,1238.3329558975395,8717.5390625,6929.09716796875,1196.5913955863864,8648.897022637795,6846.380859375,1238.3329558975395,8694.658382545931,6910.72021484375,15348500,45584700,228419200.0
2024-06-11,1224.419189453125,8511.61328125,6855.69091796875,1233.6950924035275,8740.420089885753,6932.4619140625,1210.5053350275214,8511.61328125,6855.69091796875,1215.1432865027225,8740.420089885753,6900.31005859375,12307400,68690900,150124200.0
2024-06-12,1284.7125244140625,8465.8525390625,6850.09716796875,1284.7125244140625,8534.494586676521,6866.26611328125,1215.1432541389327,8465.8525390625,6821.5078125,1229.0571081939586,8511.613904138514,6859.34912109375,20759800,49785700,165086100.0
2024-06-13,1219.78125,8420.0908203125,6831.56396484375,1298.6264258555134,8671.778317658796,6896.65283203125,1219.78125,8420.0908203125,6831.56396484375,1284.7125712927757,8671.778317658796,6893.8408203125,33546300,84652200,154352200.0
2024-06-14,1210.5052490234375,8420.0908203125,6734.83203125,1233.6950047518558,8465.852183466372,6840.19677734375,1205.8672978777538,8328.568094004755,6713.27197265625,1229.057053606172,8420.0908203125,6829.9931640625,10150600,52986300,143790500.0
2024-06-19,1247.60888671875,8282.8056640625,6726.9189453125,1256.8847892222352,8465.851093102556,6791.52685546875,1205.867325453067,8282.8056640625,6698.84814453125,1215.1432279565522,8465.851093102556,6739.89501953125,17284900,100051000,215680300.0
2024-06-20,1256.8848876953125,8626.0166015625,6819.32080078125,1261.5228393104244,8626.0166015625,6825.55517578125,1238.3330812348652,8328.567753232759,6728.40185546875,1247.6089844650887,8374.329114514258,6751.23583984375,11529700,81474800,138884000.0
2024-06-21,1252.246826171875,8786.1806640625,6879.97802734375,1293.988387044271,8854.822700500488,6945.833984375,1252.246826171875,8603.135233561197,6823.06201171875,1256.8847773799191,8671.777269999186,6838.47802734375,21583000,166841200,202168500.0
2024-06-24,1224.419189453125,8786.1806640625,6889.1650390625,1298.6264130563447,8923.464736938477,6914.81201171875,1224.419189453125,8763.299985249838,6870.30517578125,1298.6264130563447,8786.1806640625,6877.4677734375,15945300,79592300,113953400.0
2024-06-25,1215.1431884765625,8786.1806640625,6882.7041015625,1238.3329439818403,8786.1806640625,6890.44287109375,1210.5052373755068,8648.896591186523,6843.64697265625,1233.6949928807849,8786.1806640625,6874.8671875,18709000,80029000,103645300.0
2024-06-26,1229.05712890625,8694.658203125,6905.64208984375,1252.2468860554245,8831.942280016448,6936.26220703125,1215.1432746167452,8648.896844161185,6885.40283203125,1219.7812260465803,8717.538882606908,6885.81591796875,15234600,77913200,111785600.0
2024-06-27,1233.695068359375,8923.46484375,6967.951171875,1252.2468738986138,8923.46484375,6968.13623046875,1224.4191655897557,8740.419411057692,6915.830078125,1224.4191655897557,8763.30009014423,6929.14501953125,13567900,89150700,85223100.0
2024-06-28,1224.419189453125,9083.6298828125,7063.5771484375,1242.97099535393,9129.391242423646,7084.623046875,1215.1432865027225,8946.345803979062,6987.80078125,1233.6950924035275,8969.226483784634,6989.3740234375,21181700,166172300,104714500.0
2024-07-01,1242.970947265625,9037.8671875,7139.6259765625,1261.522752448694,9060.74786392405,7139.6259765625,1224.419142082556,8992.105834651898,7075.375,1229.0570933783233,9014.98651107595,7076.6259765625,26737500,68634600,108297900.0
2024-07-02,1293.988525390625,9060.75,7125.14208984375,1317.1782839101702,9152.272727272728,7176.869140625,1242.9710566476253,9014.988636363636,7099.0498046875,1242.9710566476253,9152.272727272728,7149.0439453125,76428300,78848500,121880100.0
2024-07-03,1261.5228271484375,9152.271484375,7196.7548828125,1303.2643912820256,9152.271484375,7196.7548828125,1242.9710208668428,9083.629448242187,7126.81494140625,1289.3505365708295,9129.390805664063,7153.76611328125,45290800,55860200,126775400.0
2024-07-04,1284.7125244140625,8992.1064453125,7220.88916015625,1284.7125244140625,9152.27119115776,7262.837890625,1247.60891360066,8992.1064453125,7204.43896484375,1261.5227676556858,9129.390513179866,7212.703125,17641100,67054000,158574300.0
2024-07-05,1270.7987060546875,9106.5107421875,7253.3720703125,1289.3505119824931,9129.391422444252,7275.93798828125,1266.160754572736,9037.868701417243,7213.39013671875,1284.7125605005417,9083.630061930748,7248.72314453125,15363000,36946900,130902100.0
2024-07-08,1270.7987060546875,9198.033203125,7250.97705078125,1303.2643664283476,9198.033203125,7265.083984375,1252.2469001268819,9106.510484685945,7215.4677734375,1270.7987060546875,9152.271843905473,7261.98291015625,17606600,72903600,160069900.0
2024-07-09,1242.970947265625,9220.9140625,7269.80078125,1280.0745576317631,9289.556102667493,7302.94189453125,1238.3329959698578,9220.9140625,7239.63818359375,1270.7986550402286,9243.79474255583,7254.1572265625,20463900,61853200,136101900.0
2024-07-10,1256.8848876953125,9243.794921875,7287.0419921875,1256.8848876953125,9358.198324373454,7313.2001953125,1224.4192263895295,9198.03356087562,7272.1220703125,1242.971032849977,9312.436963374072,7283.18896484375,16230000,62325900,214279500.0
2024-07-11,1261.5228271484375,9220.9140625,7300.4072265625,1266.1607787188361,9266.675422611663,7328.26904296875,1242.9710208668428,9152.272022332507,7274.06201171875,1256.8848755780389,9152.272022332507,7302.5048828125,13973300,55908400,146390900.0
2024-07-12,1252.246826171875,9220.9140625,7327.580078125,1270.798631004051,9243.79474255583,7354.1630859375,1238.332972547743,9175.152702388337,7300.7451171875,1261.522728587963,9198.033382444168,7336.48388671875,8674400,62646500,130722300.0
2024-07-15,1256.8848876953125,9198.033203125,7278.86279296875,1275.43669415576,9220.913882734763,7346.10400390625,1238.3330812348652,9106.510484685945,7252.81103515625,1256.8848876953125,9198.033203125,7336.30810546875,23483500,36682600,107422000.0
2024-07-16,1247.60888671875,9106.5107421875,7224.29296875,1275.4365942292054,9175.152782957757,7294.7919921875,1242.9709354670074,9106.5107421875,7213.2841796875,1256.8847892222352,9129.391422444252,7289.80908203125,16513900,37192700,107863200.0
2024-07-17,1229.05712890625,8969.2265625,7224.2177734375,1261.5227889150942,9106.510642538266,7265.0869140625,1215.1432746167452,8969.2265625,7207.5830078125,1252.2468860554245,9060.74928252551,7261.22021484375,33460800,90666000,218209000.0
2024-07-18,1247.60888671875,9243.794921875,7321.07080078125,1252.2468379704926,9243.794921875,7330.80810546875,1219.7811792082946,8969.226755878713,7220.09619140625,1229.0570817117798,8969.226755878713,7231.72998046875,43575900,65383200,146217900.0
2024-07-19,1247.60888671875,9266.67578125,7294.4951171875,1284.7124967326906,9266.67578125,7315.13916015625,1242.9709354670074,9129.391695601853,7249.81689453125,1247.60888671875,9198.033738425926,7304.27880859375,62779600,53880300,125286800.0
2024-07-22,1284.7125244140625,9243.794921875,7321.97607421875,1289.3504757657377,9289.556282874382,7341.908203125,1247.60891360066,9243.794921875,7301.4189453125,1252.2468649523353,9266.675602374691,7316.248046875,55041100,31285300,140918600.0
2024-07-23,1247.60888671875,9312.4365234375,7313.85693359375,1303.2643017396608,9335.317202856266,7347.01708984375,1238.332984215265,9266.67516459997,7293.30908203125,1266.1606917257204,9335.317202856266,7336.27685546875,49047000,39321100,251719000.0
2024-07-24,1224.419189453125,9220.9140625,7262.7587890625,1252.2468983043325,9312.436782723325,7311.15185546875,1224.419189453125,9220.9140625,7249.27685546875,1247.6089468291311,9266.675422611663,7298.5078125,29241600,24658000,149278800.0
2024-07-25,1219.78125,9426.8388671875,7240.27685546875,1242.9710076045628,9426.8388671875,7268.046875,1215.1432984790874,9335.316159739077,7207.81787109375,1224.4192015209126,9358.196836601182,7264.2138671875,17753500,98088100,125922000.0
2024-07-26,1229.05712890625,9449.7197265625,7288.1669921875,1238.3330317659197,9518.361758474577,7298.9560546875,1219.7812260465803,9426.839049258475,7256.5341796875,1219.7812260465803,9495.48108117055,7262.1298828125,13257700,75565800,128745600.0
2024-07-29,1261.5228271484375,9381.0791015625,7288.89697265625,1266.1607787188361,9541.24386671113,7333.89892578125,1229.0571661556469,9312.437059355945,7274.2529296875,1233.6951177260455,9518.36318597561,7304.59814453125,34512200,69092500,131946800.0
2024-07-30,1238.3330078125,9312.4365234375,7241.86376953125,1266.1607158532304,9426.839920531327,7292.55517578125,1238.3330078125,9312.4365234375,7226.7822265625,1252.246861832865,9426.839920531327,7283.9169921875,16697300,32122900,124088300.0
2024-07-31,1242.970947265625,9403.958984375,7255.76220703125,1252.2468498571595,9472.6010207573,7275.18603515625,1238.3329959698578,9358.197626786801,7226.49609375,1242.970947265625,9472.6010207573,7251.80419921875,15925300,82519900,140459400.0
2024-08-01,1238.3330078125,9495.4833984375,7325.98486328125,1256.884813172987,9495.4833984375,7325.98486328125,1233.6950564723782,9335.318618222891,7258.8740234375,1247.6089104927435,9335.318618222891,7274.51708984375,20045200,61176200,119012300.0
2024-08-02,1252.246826171875,9335.318359375,7308.123046875,1261.522728587963,9472.60245289522,7337.98095703125,1224.4191189236112,9335.318359375,7264.0078125,1238.332972547743,9403.960406135111,7304.0859375,24537300,55699900,130681400.0
2024-08-05,1154.8499755859375,9037.8671875,7059.65283203125,1252.2469614787274,9289.554628164557,7257.47607421875,1150.212023876757,9037.8671875,6998.81103515625,1205.8674443869227,9152.270569620254,7254.61279296875,57410500,126328300,196047200.0
2024-08-06,1164.1258544921875,9152.271484375,7129.21484375,1191.9535641613234,9220.913520507813,7167.259765625,1140.9360964345742,9106.510126953124,7066.5009765625,1159.487902880665,9220.913520507813,7098.6728515625,42198600,78473900,122457600.0
2024-08-07,1219.78125,9243.794921875,7212.130859375,1219.78125,9243.794921875,7246.2578125,1168.763783269962,9152.272199876237,7147.29296875,1168.763783269962,9152.272199876237,7149.5087890625,25402600,52327400,128572200.0
2024-08-08,1210.5052490234375,9358.1982421875,7195.12109375,1229.057053606172,9358.1982421875,7234.44677734375,1196.5913955863864,9220.91416039502,7181.76611328125,1219.781151314805,9289.55620129126,7212.7412109375,20820300,54162100,125248900.0
2024-08-09,1224.419189453125,9289.556640625,7256.99609375,1242.97099535393,9381.079366148399,7267.421875,1210.5053350275214,9243.7952778633,7219.9228515625,1210.5053350275214,9358.198684767549,7219.98388671875,13468000,47062400,112712600.0
2024-08-12,1215.1431884765625,9335.318359375,7297.625,1242.9708950828958,9335.318359375,7297.625,1205.8672862744513,9220.91494810815,7230.78515625,1224.4190906786737,9243.79563036152,7265.15087890625,17901000,40364100,156405500.0
2024-08-13,1210.5052490234375,9426.8388671875,7356.63818359375,1233.6950047518558,9426.8388671875,7366.65087890625,1201.22934673207,9312.435482876972,7286.5498046875,1215.1432001691212,9381.077513463288,7316.42822265625,17618100,55207100,146066800.0
2024-08-14,1201.2293701171875,9335.318359375,7436.0390625,1224.419126297056,9426.84108838848,7445.6640625,1191.9534676452402,9335.318359375,7372.89111328125,1215.1432238251086,9426.84108838848,7377.0068359375,23577300,47999100,168060500.0
2024-08-15,1178.03955078125,9358.1982421875,7409.5009765625,1205.8672567052165,9426.84028308374,7460.38720703125,1173.4015997939223,9312.436881590007,7386.73681640625,1205.8672567052165,9335.317561888753,7442.91015625,48121400,33396600,150416800.0
2024-08-16,1205.8673095703125,9449.7197265625,7432.08984375,1210.5052607609675,9449.7197265625,7459.7490234375,1182.6775536170373,9381.077694650423,7417.20703125,1187.3155048076924,9426.839049258475,7443.93505859375,23976800,40731400,151268200.0
2024-08-19,1196.5914306640625,9495.4833984375,7466.8310546875,1210.5052845089933,9541.244764213103,7466.8310546875,1187.3155281007753,9403.960666886294,7420.3759765625,1205.8673332273497,9449.722032661897,7428.7412109375,19721300,51054400,138674400.0
2024-08-20,1196.5914306640625,9541.244140625,7533.98486328125,1205.8673332273497,9564.124822017386,7538.1572265625,1178.0396255374878,9426.84073366307,7482.5048828125,1196.5914306640625,9449.721415055456,7490.31982421875,33029800,60304400,183613200.0
2024-08-21,1187.3155517578125,9541.244140625,7554.5927734375,1205.8673572540283,9609.886184802157,7594.546875,1182.6776003837585,9541.244140625,7543.63916015625,1196.5914545059204,9609.886184802157,7563.08203125,16121600,84848800,199930800.0
2024-08-22,1178.03955078125,9449.7197265625,7488.67578125,1196.591354730561,9518.361758474577,7540.27294921875,1168.7636488065943,9358.197017346398,7460.40380859375,1187.3154527559054,9472.600403866525,7531.34716796875,40271300,56611600,140745300.0
2024-08-23,1182.677490234375,9449.7197265625,7544.2978515625,1205.867244944853,9495.48108117055,7567.51416015625,1173.4015883501838,9426.839049258475,7507.73779296875,1178.0395392922794,9449.7197265625,7510.6640625,41597600,46651600,128771000.0
2024-08-26,1182.677490234375,9449.7197265625,7606.19482421875,1205.867244944853,9495.48108117055,7619.90283203125,1178.0395392922794,9381.077694650423,7549.412109375,1191.9533921185662,9403.95837195445,7549.412109375,34357800,35145600,142108800.0
2024-08-27,1187.3155517578125,9335.318359375,7597.880859375,1219.7812113761902,9426.84108838848,7610.201171875,1182.6776003837585,9312.43767712163,7547.26318359375,1201.2294058799744,9403.960406135111,7598.4638671875,66007100,60448400,141150100.0
2024-08-28,1210.5052490234375,9472.599609375,7658.875,1210.5052490234375,9472.599609375,7672.287109375,1187.3154932950192,9381.076907835144,7581.048828125,1191.953444440703,9426.838258605072,7604.3271484375,60163200,38489900,152042100.0
2024-08-29,1210.5052490234375,9358.1982421875,7627.60400390625,1229.057053606172,9609.885725473716,7715.7587890625,1201.22934673207,9358.1982421875,7627.60400390625,1210.5052490234375,9609.885725473716,7679.52783203125,43692700,53004700,153940300.0
2024-08-30,1191.9534912109375,9449.7197265625,7670.73291015625,1219.7811991769515,9449.7197265625,7673.18212890625,1187.3155398832685,9335.316340042373,7616.34521484375,1210.5052965216137,9449.7197265625,7642.77880859375,29245800,158403700,194479000.0
2024-09-02,1191.9534912109375,9403.958984375,7694.52978515625,1210.5052965216137,9495.4816995514,7726.18798828125,1187.3155398832685,9335.3169479927,7669.921875,1196.5914425386065,9495.4816995514,7686.5390625,24570200,72008600,156165700.0
2024-09-03,1187.3155517578125,9312.4365234375,7616.52099609375,1205.8673572540283,9449.720599950093,7726.662109375,1187.3155517578125,9289.555844018734,7598.46923828125,1196.5914545059204,9449.720599950093,7706.65087890625,18494900,50950200,165704700.0
2024-09-04,1178.03955078125,9426.8388671875,7672.89599609375,1196.591354730561,9426.8388671875,7672.89599609375,1168.7636488065943,9266.67412915276,7546.048828125,1187.3154527559054,9289.554806014867,7577.09619140625,16452700,44817000,147636500.0
2024-09-05,1196.5914306640625,9381.0791015625,7681.04296875,1196.5914306640625,9472.601824504574,7722.22509765625,1178.0396255374878,9381.0791015625,7650.80419921875,1182.6775768191314,9472.601824504574,7679.64892578125,18552500,39332900,137717400.0
2024-09-06,1182.677490234375,9426.8388671875,7721.84619140625,1224.4190487132353,9426.8388671875,7754.47509765625,1182.677490234375,9358.196836601182,7683.7041015625,1205.867244944853,9358.196836601182,7684.81201171875,17719700,31541800,122729500.0
2024-09-09,1191.9534912109375,9403.958984375,7702.73876953125,1196.5914425386065,9472.6010207573,7748.3251953125,1178.0396372279304,9335.3169479927,7654.72509765625,1187.3155398832685,9426.8396631691,7729.2548828125,15547200,36185100,138539000.0
2024-09-10,1182.677490234375,9472.599609375,7761.38818359375,1196.5913430606618,9472.599609375,7764.77978515625,1182.677490234375,9403.957583220108,7723.30078125,1191.9533921185662,9472.599609375,7725.283203125,16308700,55093100,196539800.0
2024-09-11,1178.03955078125,9541.244140625,7760.955078125,1187.3154527559054,9541.244140625,7802.47607421875,1173.4015997939223,9472.602096447841,7736.78076171875,1182.6775017685777,9541.244140625,7770.26806640625,18105900,64621300,171932600.0
2024-09-12,1196.5914306640625,9587.0048828125,7798.15380859375,1219.7811870722808,9609.885562723748,7833.27197265625,1187.3155281007753,9495.482163167513,7782.01611328125,1205.8673332273497,9564.124202901254,7782.01611328125,56459000,70759100,252749100.0
2024-09-13,1205.8673095703125,9541.244140625,7812.130859375,1215.1432119516226,9541.244140625,7828.9658203125,1191.9534559983474,9449.721415055456,7775.63623046875,1201.2293583796575,9518.363459232614,7805.68994140625,40575000,70057100,162457200.0
2024-09-17,1238.3330078125,9609.884765625,7831.77880859375,1242.9709591526216,9609.884765625,7854.01806640625,1201.2293970915262,9472.600697544643,7802.27001953125,1210.5052997717696,9564.123409598214,7832.52490234375,41647000,89745000,216113800.0
2024-09-18,1229.05712890625,9724.2880859375,7829.134765625,1242.9709831957548,9724.2880859375,7879.0439453125,1224.4191774764151,9564.123340992646,7818.9599609375,1242.9709831957548,9609.884696691177,7845.81396484375,21700100,65420200,241800200.0
2024-09-19,1261.5228271484375,9975.9755859375,7905.39013671875,1266.1607787188361,9975.9755859375,7910.55615234375,1210.5053598740521,9747.16880644352,7853.35302734375,1229.0571661556469,9792.930162342316,7858.11279296875,65705200,140886600,259454000.0
2024-09-20,1252.246826171875,9861.5732421875,7743.00390625,1284.712484628183,9975.976644069025,7904.51318359375,1242.970923755787,9861.5732421875,7738.32080078125,1266.160679796007,9975.976644069025,7904.39501953125,218874300,142194600,317741900.0
2024-09-23,1233.695068359375,10021.7373046875,7775.73095703125,1256.8848252834234,10021.7373046875,7775.73095703125,1219.7812142049459,9815.81119568707,7675.291015625,1242.9709711289943,9815.81119568707,7743.201171875,31774300,72553800,260227800.0
2024-09-24,1224.419189453125,9884.453125,7778.4912109375,1238.3330438787289,10021.737196180557,7810.5400390625,1219.7812379779239,9861.572446469907,7717.8388671875,1233.6950924035275,9861.572446469907,7774.55615234375,19942300,105191100,182808900.0
2024-09-25,1252.246826171875,9930.21484375,7740.90185546875,1270.798631004051,9930.21484375,7760.8837890625,1224.4191189236112,9632.76601202477,7633.44677734375,1224.4191189236112,9770.050088205644,7747.85498046875,53509900,158369100,276661800.0
2024-09-26,1321.8160400390625,9792.931640625,7744.51611328125,1326.4539910567435,9953.096410448306,7763.0810546875,1252.2467747738488,9770.050959221671,7673.0478515625,1252.2467747738488,9953.096410448306,7723.09716796875,89962400,84960100,202756700.0
2024-09-27,1400.661376953125,9747.1689453125,7696.916015625,1447.0408927462747,9838.691658414025,7736.916015625,1321.8162001047704,9518.362162558686,7663.47607421875,1326.4541516840852,9609.884875660211,7713.7998046875,135329200,93027400,190512300.0
2024-09-30,1345.005859375,9449.7197265625,7527.92919921875,1433.1269329202587,9655.64582229873,7679.2421875,1340.367908135776,9449.7197265625,7527.92919921875,1409.937176724138,9587.003790386652,7674.2861328125,79095600,144692100,222223500.0
2024-10-01,1396.0233154296875,9655.646484375,7642.1328125,1414.575120285896,9655.646484375,7642.1328125,1326.4540472189058,9495.481732264514,7547.11083984375,1349.6438032891663,9518.362411137441,7551.4619140625,57263400,59797700,206962900.0
2024-10-02,1433.1270751953125,9609.884765625,7563.26220703125,1470.230688792602,9655.646121651786,7619.10400390625,1368.1957514000555,9449.72001953125,7501.4599609375,1400.661413297684,9449.72001953125,7601.73779296875,105867200,86746200,315317300.0
2024-10-03,1419.213134765625,9564.1240234375,7543.828125,1456.3167461320465,9632.766061883223,7581.333984375,1400.6613290824143,9518.362664473685,7504.4072265625,1433.1269890280332,9564.1240234375,7567.44921875,37623800,60887000,189365800.0
2024-10-04,1396.0233154296875,9587.0048828125,7496.0908203125,1423.8510227140002,9587.0048828125,7549.23291015625,1377.471510573479,9472.601483256265,7467.7958984375,1419.213071499948,9518.36284307876,7531.7919921875,24590800,58500400,223945300.0
2024-10-07,1414.5751953125,9426.8388671875,7504.134765625,1442.402904072746,9495.480897773816,7540.23583984375,1396.023389472336,9381.077513463288,7450.1982421875,1396.023389472336,9472.60022091171,7493.6572265625,30970400,91867900,235809600.0
2024-10-08,1335.72998046875,9518.36328125,7557.14208984375,1433.126958211263,9609.886005108172,7592.8837890625,1331.092029147678,9289.556471604566,7449.47900390625,1419.2131042480469,9335.317833533652,7486.72119140625,65590100,99622900,194830700.0
2024-10-09,1368.1956787109375,9541.244140625,7501.28515625,1372.8336301641948,9632.766866194544,7595.576171875,1298.6264069120762,9518.363459232614,7501.216796875,1335.7300185381355,9518.363459232614,7556.55517578125,35491600,56835200,169190500.0
2024-10-10,1345.005859375,9609.884765625,7480.080078125,1368.1956155711207,9609.884765625,7528.953125,1340.367908135776,9518.362053571429,7467.81884765625,1368.1956155711207,9541.242731584822,7501.869140625,12668200,51080000,157952700.0
2024-10-11,1326.4541015625,9495.4833984375,7520.60205078125,1363.5577127950176,9678.52886153991,7549.541015625,1312.540247350306,9495.4833984375,7506.27587890625,1358.9197613909528,9678.52886153991,7520.52978515625,26124200,44632100,159472100.0
2024-10-14,1317.1781005859375,9609.884765625,7559.65478515625,1340.3678558779434,9609.884765625,7570.26708984375,1307.902198469135,9495.481375558036,7518.81298828125,1321.8160516443388,9495.481375558036,7518.81298828125,18952500,31738600,205872100.0
2024-10-15,1335.72998046875,9724.2880859375,7626.951171875,1349.643834431966,9724.2880859375,7635.0439453125,1317.1781751844617,9564.123340992646,7573.4521484375,1321.816126505534,9655.646052389706,7579.0458984375,15443700,66635200,218732600.0
2024-10-16,1340.367919921875,9587.0048828125,7648.93994140625,1354.2817737618946,9815.81168192497,7658.39794921875,1321.8161148018492,9587.0048828125,7616.60400390625,1335.7299686418685,9792.931002013724,7645.2119140625,20985700,63255900,197424300.0
2024-10-17,1312.5401611328125,9815.8125,7735.0390625,1349.6437699280864,9884.454545454546,7758.669921875,1307.9022100334032,9609.886363636364,7657.72119140625,1349.6437699280864,9655.647727272728,7661.0732421875,33483100,66993300,224594300.0
2024-10-18,1326.4541015625,9838.6923828125,7760.06005859375,1326.4541015625,9953.095782612645,7790.7109375,1298.6263931381118,9815.811702852472,7718.6767578125,1326.4541015625,9953.095782612645,7762.15185546875,23253000,56299600,234291900.0
2024-10-21,1354.28173828125,9770.05078125,7772.59619140625,1372.8335429152396,9930.215548155738,7795.0869140625,1326.4540313302655,9770.05078125,7739.88720703125,1326.4540313302655,9930.215548155738,7780.2451171875,34991400,36472500,246855900.0
2024-10-22,1345.005859375,9609.884765625,7788.98291015625,1363.5576643318966,9701.407477678571,7801.40380859375,1335.7299568965518,9587.004087611607,7731.9609375,1354.2817618534482,9587.004087611607,7752.3837890625,24960700,94799500,286785700.0
2024-10-23,1335.72998046875,9747.1689453125,7787.56494140625,1349.643834431966,9747.1689453125,7805.9169921875,1317.1781751844617,9587.00419738483,7761.251953125,1345.005883110894,9587.00419738483,7774.009765625,16500900,48903000,269650200.0
2024-10-24,1312.5401611328125,9792.931640625,7716.548828125,1335.7299166298587,9930.215729044976,7794.86279296875,1289.3504056357663,9792.931640625,7716.548828125,1317.1781122322218,9815.812322028329,7778.65576171875,8656600,85341200,242869700.0
2024-10-25,1298.62646484375,9838.6923828125,7694.66015625,1321.8162231445312,9838.6923828125,7752.2509765625,1298.62646484375,9724.288983012355,7678.17822265625,1312.5403198242186,9747.169662972385,7717.42578125,11772700,34847500,205788500.0
2024-10-28,1354.28173828125,9701.408203125,7634.630859375,1368.1955917567423,9907.334320644162,7714.73876953125,1312.540177854773,9701.408203125,7599.62109375,1312.540177854773,9907.334320644162,7705.873046875,51999100,39061500,197205700.0
2024-10-29,1349.643798828125,9609.884765625,7606.60009765625,1363.5576524242913,9678.526799665178,7666.43017578125,1331.0919940332367,9609.884765625,7587.2099609375,1354.281750026847,9632.765443638393,7625.4677734375,18373000,49680100,182774700.0
2024-10-30,1307.9022216796875,9472.599609375,7569.85009765625,1345.0058308053524,9518.360960144926,7581.9091796875,1270.7986125540226,9403.957583220108,7521.73486328125,1331.091977383228,9403.957583220108,7558.7958984375,32251600,114484100,168203300.0
2024-10-31,1298.62646484375,9381.0791015625,7574.01904296875,1326.4541748046875,9587.005228182165,7617.36279296875,1298.62646484375,9381.0791015625,7558.68310546875,1321.8162231445312,9449.721143769055,7569.71923828125,26705000,97553400,203290200.0
2024-11-01,1289.3504638671875,9541.244140625,7505.2568359375,1307.9022691026867,9541.244140625,7583.68798828125,1284.7125125583127,9403.960052270682,7485.45703125,1298.626366484937,9403.960052270682,7573.7939453125,14431600,47710000,155270800.0
2024-11-04,1266.1607666015625,9495.4833984375,7479.5029296875,1293.9884757576408,9609.886812876506,7529.703125,1261.5228150755495,9426.841349774097,7415.80908203125,1289.3505242316278,9541.244764213103,7505.11083984375,13195000,49275700,212287900.0
2024-11-05,1293.988525390625,9609.884765625,7491.93115234375,1317.1782839101702,9678.526799665178,7496.99609375,1261.5228634632617,9426.839341517858,7451.5478515625,1261.5228634632617,9426.839341517858,7474.4521484375,22893300,50296500,182653900.0
2024-11-06,1252.246826171875,9564.1240234375,7383.8681640625,1307.9022406684028,9609.885382401317,7506.60107421875,1252.246826171875,9495.481984991777,7363.03076171875,1303.264289460359,9587.004702919408,7495.130859375,15194800,50324900,235788800.0
2024-11-07,1261.5228271484375,9312.4365234375,7243.85986328125,1289.3505365708295,9564.123997043918,7381.7578125,1219.7812630148494,9312.4365234375,7243.85986328125,1252.2469240076402,9449.720599950093,7373.56689453125,14272800,131579100,204087800.0
2024-11-08,1293.988525390625,9220.9140625,7287.19091796875,1293.988525390625,9358.198142834988,7350.36181640625,1252.2469600554434,9198.033382444168,7263.9619140625,1270.7987668710798,9335.317462779156,7263.9619140625,14225100,92166100,148863600.0
2024-11-11,1247.60888671875,9198.033203125,7266.4599609375,1303.2643017396608,9198.033203125,7282.19580078125,1247.60888671875,8969.226407027363,7182.31201171875,1303.2643017396608,8969.226407027363,7259.2900390625,8812700,128707600,221004900.0
2024-11-12,1275.4366455078125,9289.556640625,7321.98583984375,1284.7125483842328,9358.198684767549,7344.07421875,1252.2468883167614,9152.272552339902,7268.60888671875,1284.7125483842328,9243.7952778633,7271.173828125,13092000,80378500,287694700.0
2024-11-13,1266.1607666015625,9289.556640625,7308.6708984375,1289.3505242316278,9381.079366148399,7370.39306640625,1261.5228150755495,9289.556640625,7304.873046875,1275.4366696535885,9358.198684767549,7344.0078125,10445800,62933100,226286700.0
2024-11-14,1233.695068359375,9243.794921875,7214.56103515625,1266.1607280530427,9312.436963374072,7318.77587890625,1224.4191655897557,9198.03356087562,7214.56103515625,1266.1607280530427,9266.675602374691,7303.90087890625,15339000,56381400,209423400.0
2024-11-15,1215.1431884765625,9312.4365234375,7161.2578125,1252.246797285007,9403.959241112561,7241.6591796875,1201.2293351733956,9198.033126343673,7122.67578125,1229.0570417797292,9198.033126343673,7192.208984375,16033200,63598200,213100000.0
2024-11-18,1164.1258544921875,9152.271484375,7134.27685546875,1238.33308027655,9266.674877929687,7174.7529296875,1159.487902880665,9152.271484375,7118.869140625,1219.7812738304594,9220.913520507813,7152.076171875,19328400,65716200,191734000.0
2024-11-19,1201.2293701171875,9083.6298828125,7195.71484375,1224.419126297056,9175.152602034792,7229.8310546875,1168.7637114653717,9060.749203006928,7136.69091796875,1173.4016627013452,9060.749203006928,7140.19482421875,16765700,85295300,205098000.0
2024-11-20,1215.1431884765625,9220.9140625,7180.3349609375,1247.6088461839515,9289.556102667493,7229.7060546875,1191.9534329712844,9152.272022332507,7171.26513671875,1196.5913840723401,9175.152702388337,7213.9951171875,12128000,58584400,164074200.0
2024-11-21,1219.78125,9059.9501953125,7140.912109375,1256.8848621673005,9197.91898001269,7209.35791015625,1196.5914923954374,9059.9501953125,7140.912109375,1219.78125,9197.91898001269,7168.326171875,17014900,93181200,155717100.0
2024-11-22,1196.5914306640625,9059.9501953125,7195.56494140625,1238.3329921988554,9151.929385112628,7215.68701171875,1187.3155281007753,9059.9501953125,7154.4521484375,1229.057089635568,9128.934587662596,7154.68212890625,11428000,58396100,205841500.0
2024-11-25,1173.401611328125,9358.8818359375,7314.10791015625,1210.505219591465,9381.876631603194,7329.4921875,1168.7636602952075,9105.939083614865,7218.828125,1196.5913664927125,9151.928674946254,7218.9521484375,24469200,165369400,264819900.0
2024-11-26,1178.03955078125,9197.9189453125,7245.88818359375,1201.2293057178888,9427.866918945312,7341.59521484375,1173.4015997939223,9197.9189453125,7245.88818359375,1173.4015997939223,9427.866918945312,7329.5322265625,21262900,62310100,164096700.0
2024-11-28,1173.401611328125,9197.9189453125,7200.1572265625,1187.3154644268775,9266.903337402344,7249.69287109375,1168.7636602952075,9128.934553222656,7195.66796875,1178.0395623610425,9174.92414794922,7215.9072265625,4431200,57443500,178995100.0
2024-11-29,1136.298095703125,9197.9189453125,7114.26611328125,1173.4017069913903,9289.898134765624,7189.12890625,1136.298095703125,9151.929350585937,7107.2841796875,1173.4017069913903,9197.9189453125,7168.00390625,15698400,76886000,218431100.0
2024-12-02,1159.4879150390625,8967.9716796875,7046.98583984375,1215.1433349609374,9243.90926983173,7153.02978515625,1140.9361083984375,8967.9716796875,7041.341796875,1140.9361083984375,9197.91967147436,7117.75390625,19947600,87879600,163941100.0
2024-12-03,1159.4879150390625,9381.87890625,7196.01708984375,1182.6776733398438,9404.87370749081,7196.01708984375,1145.5740600585937,9105.941291360294,7102.216796875,1168.763818359375,9220.91529756434,7104.93017578125,24793000,126087100,176316700.0
2024-12-04,1182.677490234375,9381.87890625,7326.76416015625,1187.3154411764706,9427.868508731617,7328.32421875,1164.1256864659927,9243.910098805147,7187.47802734375,1178.0395392922794,9358.88410500919,7198.09814453125,15208500,97876300,166379200.0
2024-12-05,1224.419189453125,9427.8681640625,7313.31298828125,1242.97099535393,9519.84736566311,7338.60400390625,1182.6776261763139,9404.873363662347,7283.5,1191.9535291267164,9427.8681640625,7326.02392578125,20048800,96904400,131417800.0
2024-12-06,1219.78125,9266.9033203125,7382.78515625,1238.3330560836503,9358.882509595998,7382.80908203125,1210.5053469581749,9243.908522991625,7287.59619140625,1233.6951045627377,9289.898117633375,7302.6650390625,10515900,68247200,130161700.0
2024-12-09,1247.60888671875,9519.845703125,7437.73095703125,1280.074545480948,9519.845703125,7440.97900390625,1201.2293742013244,9197.91855374396,7380.66015625,1229.0570817117798,9220.913350128321,7382.61376953125,29862000,64458400,230130900.0
2024-12-10,1224.419189453125,9519.845703125,7453.287109375,1280.0746071555398,9519.845703125,7457.80517578125,1224.419189453125,9450.86131397192,7396.7900390625,1256.8848497795336,9496.85090674064,7448.76806640625,28362800,61230400,203350400.0
2024-12-11,1205.8673095703125,9588.8310546875,7464.751953125,1238.3329679048977,9588.8310546875,7530.55908203125,1196.5914071890024,9404.87266514913,7444.173828125,1224.4191143329326,9404.87266514913,7444.85888671875,12875800,37934300,235486300.0
2024-12-12,1178.03955078125,9358.8818359375,7394.23779296875,1215.143158679872,9542.840201263052,7470.89404296875,1178.03955078125,9358.8818359375,7380.02685546875,1205.8672567052165,9473.855814265971,7441.97314453125,11243900,44780100,147665300.0
2024-12-13,1150.2120361328125,9243.9091796875,7324.7890625,1191.9536019602128,9404.872772368626,7399.89697265625,1145.5740843742124,9220.914380733055,7324.7890625,1178.0397466844126,9312.89357655084,7379.7509765625,23085600,75126400,120050700.0
2024-12-16,1113.1082763671875,9289.8984375,7258.630859375,1150.2118855794272,9312.893235612624,7320.794921875,1103.8323740641276,9197.919245049505,7204.65380859375,1150.2118855794272,9197.919245049505,7304.2177734375,25410200,57746100,186546900.0
2024-12-17,1080.6427001953125,9105.9404296875,7157.73193359375,1127.0222152251542,9243.909224076704,7263.31494140625,1076.0047486923283,9105.9404296875,7132.05712890625,1113.1083607162018,9151.930027817234,7238.173828125,18082400,99845900,157427600.0
2024-12-18,1057.452880859375,9013.9609375,7107.875,1094.55649071409,9220.914122289541,7216.8828125,1038.9010759320174,9013.9609375,7105.06787109375,1080.6426370185718,9105.940130739797,7168.966796875,21387600,84868500,122373300.0
2024-12-19,1048.177001953125,8898.9873046875,6977.23779296875,1066.7288072974281,8990.966501635174,7040.548828125,978.6077319119885,8784.013308502907,6951.0517578125,1020.3492939366704,8921.982103924418,7034.6171875,44493400,104254100,170862900.0
2024-12-20,1066.728759765625,8875.9912109375,6983.865234375,1080.6426131538724,8967.97039447053,7032.40087890625,1020.3492484714674,8852.996415054242,6931.5810546875,1048.176955247962,8875.9912109375,6980.1748046875,18173400,91576900,145749700.0
2024-12-23,1038.9010009765625,8990.966796875,7096.44482421875,1085.2805099487305,9059.951196851023,7096.44482421875,1001.7973937988281,8921.982396898977,7035.72705078125,1076.0046081542969,8921.982396898977,7037.52978515625,24277800,43292100,138664700.0
2024-12-24,1066.728759765625,8967.9716796875,7065.74609375,1076.0046620244566,9105.940474759616,7120.576171875,1020.3492484714674,8967.9716796875,7063.7548828125,1038.9010529891304,9059.950876402245,7115.63720703125,10891800,32415700,110632900.0
2024-12-27,1052.81494140625,9013.9609375,7036.57080078125,1089.9185516760738,9036.955735809948,7100.27001953125,1048.176990122522,8944.976542570153,7024.71484375,1066.7287952574338,9013.9609375,7073.375,12767900,24016700,144277600.0
2024-12-30,1113.1082763671875,8898.9873046875,7079.90478515625,1113.1082763671875,9036.956100109011,7079.90478515625,1052.8149113972981,8898.9873046875,6993.07177734375,1076.004667154948,9013.961300872092,7026.77685546875,14081300,56350100,159672400.0
2025-01-02,1080.6427001953125,9105.9404296875,7163.205078125,1117.746312219186,9105.9404296875,7163.205078125,1071.3667971893442,8875.992439038826,7088.31982421875,1113.1083607162018,8875.992439038826,7092.42919921875,11952000,38124800,161752600.0
2025-01-03,1048.177001953125,9059.9501953125,7164.42919921875,1099.1944666499585,9128.934587662596,7197.0078125,1043.5390506170493,9036.955397862468,7135.27587890625,1080.6426613056556,9059.9501953125,7177.25,12036100,41916000,182944400.0
2025-01-06,1024.9873046875,8898.9873046875,7080.47412109375,1062.0909175268666,9082.945698582847,7182.01904296875,1024.9873046875,8875.99250545058,7073.9541015625,1057.4529659219459,9059.95089934593,7176.1162109375,11273600,41593900,192190300.0
2025-01-07,1001.7975463867188,8761.0185546875,7083.2841796875,1043.5391108194988,8944.976949536582,7103.18505859375,992.5216431794342,8761.0185546875,7029.51220703125,1038.9011592158565,8898.98735082431,7074.259765625,22043500,71318600,144709900.0
2025-01-08,973.9697875976562,8898.9873046875,7080.35205078125,1020.3493012927828,8990.966501635174,7129.2939453125,960.0559334891184,8807.008107739824,7046.169921875,1001.7974958147322,8898.9873046875,7099.658203125,32939300,55943100,147124800.0
2025-01-09,955.41796875,9059.9501953125,7064.587890625,978.6077252730582,9082.944992762532,7106.4580078125,941.5041148361651,8944.976208062342,7062.09521484375,973.9697739684466,8967.971005512372,7093.25390625,21203700,42733800,148465600.0
2025-01-10,973.9697875976562,8944.9775390625,7088.8662109375,983.2456903366816,9128.935946035508,7121.62890625,955.4179821196057,8944.9775390625,7074.14404296875,955.4179821196057,9013.961941677378,7076.90478515625,23371600,72531300,166170500.0
2025-01-13,955.41796875,8898.9873046875,7016.87890625,978.6077252730582,8944.976903161336,7089.56982421875,950.7800174453884,8852.997706213662,6986.5927734375,973.9697739684466,8852.997706213662,7076.6982421875,16480200,88270100,149887800.0
2025-01-14,960.055908203125,8761.0185546875,6956.6650390625,978.6077131925574,8944.976949536582,7042.3310546875,955.417956955767,8761.0185546875,6956.6650390625,973.9697619451993,8830.002952755905,7014.798828125,18204700,70942600,151037100.0
2025-01-15,964.6939086914062,9013.9609375,7079.56201171875,978.6077631436862,9013.9609375,7084.56494140625,955.4180057232197,8784.01295440051,6977.77294921875,964.6939086914062,8807.007752710459,6992.84814453125,14259200,77098000,173538400.0
2025-01-16,973.9697875976562,8967.9716796875,7107.51904296875,1001.7974958147322,9128.935273938301,7190.61181640625,964.693884858631,8967.9716796875,7071.9111328125,964.693884858631,9059.950876402245,7165.17578125,28111200,76979000,144790100.0
2025-01-17,969.3318481445312,9105.9404296875,7154.658203125,987.8836538506466,9105.9404296875,7178.81494140625,964.6938967180023,8875.992439038826,7084.2978515625,978.6077509975889,8967.971635298296,7115.05322265625,15274700,71033100,197761000.0
2025-01-20,950.780029296875,8852.998046875,7170.73681640625,987.8836401962652,9082.946048092534,7201.60693359375,950.780029296875,8852.998046875,7165.44384765625,978.6077374714177,9059.95124797078,7188.40185546875,22774000,112111200,183080100.0
2025-01-21,927.5902709960938,8807.0087890625,7181.81982421875,964.6938818359374,8898.987993125815,7221.73095703125,918.3143682861328,8784.01398804667,7176.33203125,955.4179791259766,8830.003590078328,7207.59423828125,31979100,124547900,176177100.0
2025-01-22,946.14208984375,8830.001953125,7257.1279296875,955.4179926853554,8898.986343383789,7267.48681640625,927.5902841605392,8807.00715637207,7223.255859375,927.5902841605392,8875.99154663086,7227.02197265625,16332800,90154800,146457400.0
2025-01-23,955.41796875,8830.001953125,7232.64306640625,969.3318226638349,8967.970733642578,7324.6259765625,941.5041148361651,8830.001953125,7232.64306640625,955.41796875,8830.001953125,7275.0009765625,10346000,120515400,142025900.0
2025-01-24,946.14208984375,8600.0537109375,7166.05615234375,978.6077497893689,8875.991263160093,7261.4482421875,946.14208984375,8600.0537109375,7166.05615234375,960.0559441061581,8852.996467141544,7255.02294921875,14752100,152057000,122224300.0
2025-01-30,936.8661499023438,8416.095703125,7073.47802734375,955.417954850905,8531.06968814037,7150.29296875,927.5902474280631,8416.095703125,7042.68798828125,955.417954850905,8416.095703125,7142.787109375,10817200,154645800,156862200.0
2025-01-31,932.2282104492188,8692.033203125,7109.19580078125,946.1420643365205,8738.022796792327,7174.7451171875,932.2282104492188,8485.080031622025,7095.67822265625,936.866161744986,8508.074828455688,7113.5751953125,8233200,112982800,125561900.0
2025-02-03,876.5728149414062,8600.0537109375,7030.05810546875,936.8661831648892,8646.043302974598,7089.69677734375,853.3830579323743,8485.079730844753,6933.14306640625,932.2282317630828,8646.043302974598,7087.751953125,71464200,90439900,135419500.0
2025-02-04,844.107177734375,8439.0908203125,7073.458984375,890.4866929945055,8646.044001192098,7125.94287109375,839.469226208362,8439.0908203125,7037.625,876.5728384164663,8600.054405441077,7051.48486328125,54274700,94607700,250749100.0
2025-02-05,844.107177734375,8393.1015625,7024.22802734375,862.6589838384272,8439.09116010274,7079.4619140625,834.8312746823489,8370.10676369863,7002.52099609375,848.745129260388,8370.10676369863,7071.5771484375,28599800,98229900,247130700.0
2025-02-06,820.9173583984375,8232.138671875,6875.5361328125,848.7450654627913,8370.107476431565,7033.619140625,816.2794072210452,8140.159468837291,6830.11181640625,844.107114285399,8347.112675672137,7030.18896484375,27269700,171477800,170868800.0
2025-02-07,807.0035400390625,8600.0537109375,6742.576171875,830.1932969367367,8600.0537109375,6769.78076171875,797.7276372799928,8117.162994547962,6656.72412109375,820.917394177667,8232.136974640709,6758.10400390625,16499400,131162200,152142600.0
2025-02-10,788.4517822265625,8416.095703125,6648.14208984375,816.2794921875,8508.074891137294,6713.9521484375,774.5379272460938,8301.12171810963,6585.98486328125,807.0035888671874,8301.12171810963,6681.23388671875,21580100,76209100,153503000.0
2025-02-11,746.7101440429688,8347.111328125,6531.990234375,797.7276073005629,8370.106125172177,6658.23095703125,742.0721928377329,8278.12693698347,6500.4638671875,788.4517048900913,8301.121734030647,6629.81494140625,33995400,71188300,146025200.0
2025-02-12,765.261962890625,8416.095703125,6645.77783203125,783.8137680516098,8416.095703125,6645.77783203125,737.4342551491477,8232.137327100409,6537.47607421875,746.7101577296402,8232.137327100409,6540.94677734375,25287800,121172600,141288200.0
2025-02-13,746.7101440429688,8278.1279296875,6613.56787109375,774.5378512743837,8416.096728515624,6647.10498046875,737.4342416324971,8278.1279296875,6565.77685546875,769.8999000691479,8370.10712890625,6637.419921875,29590100,90439700,126053300.0
2025-02-14,769.8999633789062,8255.1328125,6638.458984375,779.1758665521461,8347.112008182452,6679.39697265625,751.3481570324266,8232.138013579388,6609.6708984375,751.3481570324266,8278.127611420612,6640.130859375,12847600,116274500,121300000.0
2025-02-17,788.4517822265625,8577.0595703125,6830.8818359375,793.0897338867187,8577.0595703125,6830.8818359375,765.2620239257812,8255.132401453586,6658.22021484375,774.5379272460938,8255.132401453586,6663.30517578125,17483100,89096400,136644900.0
2025-02-18,797.7276000976562,8554.0654296875,6873.55419921875,816.27940475109,8807.008224651378,6908.7001953125,788.4516977709393,8508.075830603158,6830.77587890625,793.0896489342978,8577.06022922967,6847.76611328125,20810300,107318300,158584300.0
2025-02-19,783.8137817382812,8232.138671875,6794.8681640625,802.3655872232109,8508.076280988129,6886.9228515625,774.5378789958164,8232.138671875,6773.9072265625,797.7276358519786,8485.081480228702,6877.1572265625,11285800,154438200,159932500.0
2025-02-20,760.6240234375,8278.1279296875,6788.0419921875,788.4517316120427,8301.122729492186,6836.72314453125,755.9860720750762,8232.138330078125,6755.43017578125,788.4517316120427,8255.133129882812,6796.669921875,22106500,119260800,168907900.0
2025-02-21,769.8999633789062,8278.1279296875,6803.0009765625,774.5379149655262,8278.1279296875,6814.8662109375,746.7102054458067,8209.143530273437,6758.35302734375,760.6240602056664,8232.138330078125,6788.89599609375,8961100,106054700,131140300.0
2025-02-24,755.986083984375,8209.1416015625,6749.60107421875,769.899938290836,8255.131190366772,6818.7939453125,751.3481325488881,8163.152012758228,6732.4091796875,769.899938290836,8209.1416015625,6801.67578125,15761700,108530300,156247700.0
2025-02-25,737.4342651367188,8117.1630859375,6587.0869140625,765.2619732550855,8278.126659879605,6772.64990234375,728.1583624305965,8117.1630859375,6576.96923828125,760.6240219020244,8186.14747476983,6749.43701171875,21141200,101592700,194167900.0
2025-02-26,737.4342651367188,8071.1748046875,6606.17822265625,760.6240219020244,8186.148804754274,6682.869140625,737.4342651367188,8025.185204660791,6547.2412109375,737.4342651367188,8094.169604700855,6627.02099609375,19861400,117843500,135195100.0
2025-02-27,760.6240234375,7841.2265625,6485.4482421875,783.813780249619,8094.169354838709,6626.259765625,742.072217987805,7818.231763196481,6443.22021484375,755.9860720750762,8094.169354838709,6609.88818359375,23698900,199991600,156489700.0
2025-02-28,718.8825073242188,7749.2470703125,6270.59716796875,765.2620239257812,7979.19505459477,6447.8828125,718.8825073242188,7749.2470703125,6246.27880859375,760.6240722656249,7841.226264025408,6446.64404296875,24949600,293095000,196893700.0
2025-03-03,732.7962646484375,8094.16943359375,6519.658203125,746.7101177746737,8186.14863170277,6570.951171875,723.52036256428,7864.2214383212,6347.09521484375,728.1583136063588,7910.2110373757105,6362.14892578125,19130500,192944300,170810200.0
2025-03-04,653.9511108398438,8140.15869140625,6380.40087890625,755.9860359354221,8209.143087096134,6528.96923828125,649.3131596991356,7979.195101463189,6361.40380859375,751.348084794714,8186.148288532839,6524.701171875,69464700,125418500,149084200.0
2025-03-05,681.7788696289062,8278.1279296875,6531.39892578125,695.6927241111289,8439.091528320312,6570.81982421875,653.9511606644611,8117.164331054687,6404.68896484375,653.9511606644611,8117.164331054687,6404.68896484375,39789600,155207900,143533500.0
2025-03-06,793.0896606445312,8255.1328125,6617.84716796875,848.7450754266036,8462.086002785516,6667.89306640625,704.9685872395834,8255.1328125,6573.798828125,704.9685872395834,8462.086002785516,6577.84521484375,175158200,96270100,138941500.0
2025-03-07,825.5553588867188,8209.1416015625,6636.0,876.5728248853362,8278.125984768907,6682.93798828125,769.8999414336815,8209.1416015625,6577.83203125,802.3656016146199,8278.125984768907,6631.31103515625,145447500,82295300,198389400.0
2025-03-10,797.7276000976562,8209.1416015625,6598.2119140625,858.0209652213163,8255.131190366772,6629.44189453125,797.7276000976562,8025.183246345413,6568.1259765625,848.7450628945993,8048.178040747549,6618.9169921875,56816100,97652100,153564400.0
2025-03-11,802.3655395507812,8209.1416015625,6545.85009765625,825.5552950291276,8324.115573573179,6567.5849609375,774.5378329767658,8163.152012758228,6499.041015625,788.4516862637735,8232.136395964635,6535.8701171875,43044300,109295600,150016300.0
2025-03-12,802.3655395507812,8393.1015625,6665.044921875,816.279392837789,8393.1015625,6665.044921875,769.8998818810965,8255.13276969178,6566.203125,807.0034906464506,8301.12236729452,6566.798828125,31679800,87968900,139690400.0
2025-03-13,830.1932983398438,8255.1328125,6647.4169921875,844.107152501964,8439.091203864902,6707.38623046875,793.0896872408564,8255.1328125,6618.5390625,802.3655900156032,8416.09640494429,6700.10693359375,48045200,83030700,139851000.0
2025-03-14,820.9173583984375,8048.17919921875,6515.630859375,834.8312119306144,8209.142783203126,6632.078125,797.727602511476,8048.17919921875,6514.69189453125,834.8312119306144,8094.168794642857,6623.69091796875,23792200,111397800,122970500.0
2025-03-17,820.9173583984375,7910.2099609375,6471.94677734375,848.7450654627913,8071.173535724019,6557.41015625,811.6414560436529,7864.220368141351,6445.97509765625,830.193260753222,8048.178739325945,6490.6708984375,23906700,151365700,126321100.0
2025-03-18,820.9173583984375,7634.2734375,6223.38818359375,830.193260753222,7864.221432605422,6465.22412109375,765.2619442697298,7427.32024190512,6011.841796875,825.5553095758298,7818.231833584337,6458.666015625,36789700,417305700,233069600.0
2025-03-19,830.1932983398438,7657.26806640625,6311.66015625,853.3830552767109,7726.2524634009005,6332.73486328125,797.7276386282298,7565.288870413382,6147.42578125,816.2794441777235,7634.2732674080335,6221.19580078125,37333100,214108200,126795800.0
2025-03-20,839.4691772460938,7703.2578125,6381.673828125,867.2968847791134,7795.237010261194,6446.88916015625,830.1932747350871,7680.263013059702,6353.69384765625,830.1932747350871,7772.242210820896,6372.61083984375,48967800,152917300,146168800.0
2025-03-21,834.8312377929688,7489.9365234375,6258.17919921875,844.1071404351128,7845.471484993077,6426.1650390625,802.3655785454644,7489.9365234375,6218.60107421875,844.1071404351128,7845.471484993077,6418.39013671875,33142300,377916400,190225100.0
2025-03-24,820.9173583984375,7537.34130859375,6161.2177734375,830.193260753222,7679.555295548349,6269.90380859375,779.1757978019068,7229.211003525452,5967.19384765625,830.193260753222,7418.829652798251,6242.23486328125,25521800,331836800,124187900.0
2025-03-25,825.5553588867188,7632.150390625,6235.619140625,834.8312617955582,7726.959712247671,6265.2958984375,807.0035530690396,7584.745729813664,6178.490234375,830.1933103411385,7655.852721030667,6197.98681640625,9036900,136341700,111267000.0
2025-03-26,834.8312377929688,8082.49462890625,6472.35595703125,862.658945719401,8201.006280356489,6489.14892578125,825.5553351508246,7845.471326005773,6312.966796875,834.8312377929688,7869.173656295821,6314.3291015625,19699400,283104600,159762700.0
2025-03-27,834.8312377929688,8058.79248046875,6510.6201171875,844.1071404351128,8129.899472943474,6510.6201171875,825.5553351508246,7940.280826344209,6417.240234375,834.8312377929688,7987.685487994026,6462.59619140625,13323700,122943900,121855500.0
2025-04-08,732.7962646484375,7371.42431640625,5996.14208984375,751.3480688167524,7584.74527733119,6036.55419921875,709.6065094380439,6897.377736573051,5882.60498046875,751.3480688167524,7015.88938153135,5914.2880859375,48162000,533073600,184790800.0
2025-04-09,732.7962646484375,7513.638671875,5967.98779296875,755.9860198588311,7537.3410020701895,6092.412109375,714.2444604801226,7276.615369923107,5949.60107421875,732.7962646484375,7300.317700118297,5978.44091796875,32592200,136753900,150044400.0
2025-04-10,769.8999633789062,7798.06640625,6254.02392578125,788.4517697253859,8201.006007788754,6310.8251953125,755.9861086190465,7750.66174724544,6188.669921875,774.5379149655262,8058.792030775076,6270.61083984375,40395300,144148600,181443500.0
2025-04-11,765.261962890625,7845.470703125,6262.22607421875,783.8137680516098,7892.875359941465,6298.77783203125,751.3481090198864,7632.149747450906,6148.77587890625,765.261962890625,7774.363717900302,6195.56787109375,24246400,82603000,117642700.0
2025-04-14,816.2794189453125,7963.98291015625,6368.51708984375,844.1071264093572,7963.98291015625,6404.06982421875,760.624004017223,7821.768929617746,6225.3369140625,765.2619552612305,7821.768929617746,6225.3369140625,51968100,83319300,149701700.0
2025-04-15,820.9173583984375,8129.89892578125,6441.68310546875,839.4691631080067,8153.601255010933,6497.5322265625,802.3655536888683,8011.387279632835,6395.9267578125,816.2794072210452,8129.89892578125,6444.341796875,23940300,83431800,147079600.0
2025-04-16,839.4691772460938,8035.09033203125,6400.05419921875,867.2968847791134,8106.197326120023,6469.59716796875,825.5553234795839,7987.685669305402,6373.7900390625,825.5553234795839,8058.792663394174,6461.27392578125,39277600,76874900,142022700.0
2025-04-17,834.8312377929688,8058.79248046875,6438.26904296875,848.7450917561849,8058.79248046875,6438.26904296875,820.9173838297526,7916.578495519301,6384.28515625,844.1071404351128,8011.387818818934,6407.02099609375,13095700,83540600,131124200.0
2025-04-21,834.8312377929688,7869.173828125,6445.966796875,853.383043077257,8058.792474585843,6472.5380859375,834.8312377929688,7869.173828125,6406.80322265625,834.8312377929688,8058.792474585843,6450.31396484375,6967100,40683800,108855100.0
2025-04-22,909.0384521484375,8058.79248046875,6538.26611328125,932.2282085807956,8058.79248046875,6538.32177734375,834.8312315648916,7892.876164694393,6428.10498046875,839.4691828513633,7892.876164694393,6455.0791015625,84434900,56537100,150312500.0
2025-04-23,885.8486938476562,8272.11328125,6634.376953125,922.9523040611707,8272.11328125,6642.9150390625,881.210742570967,8106.196969018625,6588.2568359375,918.3143527844813,8106.196969018625,6589.3271484375,34855100,92329600,184488000.0
2025-04-24,871.934814453125,8035.09033203125,6613.47802734375,899.7625212973736,8390.625302475111,6697.90087890625,867.2968633124168,8035.09033203125,6585.4560546875,890.4866190159574,8390.625302475111,6671.06787109375,25939100,143675300,159090300.0
2025-04-25,890.4866333007812,8153.60107421875,6678.9150390625,913.6763893763225,8201.005731626998,6683.36083984375,876.5727796554565,8129.898745514625,6640.77783203125,876.5727796554565,8201.005731626998,6660.619140625,28150700,58297000,169030400.0
2025-04-28,885.8486938476562,8319.5185546875,6722.9658203125,904.4004989544135,8319.5185546875,6738.35205078125,885.8486938476562,8201.006894364316,6688.77978515625,895.1245964010349,8295.816222622863,6716.21484375,15115300,73235400,164549400.0
2025-04-29,881.2107543945312,8272.11328125,6749.0751953125,895.124608411287,8366.922602525072,6763.88720703125,881.2107543945312,8248.410950931233,6724.31787109375,890.4866570723684,8343.220272206303,6748.98779296875,10200000,60315700,193012300.0
2025-04-30,834.8312377929688,8366.921875,6766.794921875,862.658945719401,8461.73118803116,6791.2529296875,834.8312377929688,8224.707905453257,6725.966796875,858.020994398329,8343.21954674221,6755.4638671875,43977000,164597500,210149800.0
2025-05-02,839.4691772460938,8509.13671875,6815.72998046875,844.107128501597,8532.839049442897,6818.27978515625,816.2794209685774,8390.625065285516,6765.8310546875,834.8312259905905,8532.839049442897,6811.10986328125,19146400,92219000,183083600.0
2025-05-05,839.4691772460938,8509.13671875,6831.9521484375,858.0209822681069,8580.24371082869,6879.10888671875,825.5553234795839,8509.13671875,6824.39697265625,839.4691772460938,8532.839049442897,6844.37109375,27313400,86385600,194998400.0
2025-05-06,844.107177734375,8556.541015625,6898.19677734375,853.3830807864011,8580.243345308172,6913.68798828125,839.469226208362,8509.136356258656,6858.15087890625,844.107177734375,8580.243345308172,6860.44580078125,13401800,48860500,162346800.0
2025-05-07,848.7451171875,8603.9453125,6926.22509765625,862.658971567623,8627.647641184574,6970.5,839.4692142674181,8532.838326446281,6909.9609375,848.7451171875,8603.9453125,6925.251953125,26557600,77382000,187668100.0
2025-05-08,834.8312377929688,8509.13671875,6827.75,853.383043077257,8722.457694986073,6965.93408203125,830.1932864718967,8461.732057364206,6824.64990234375,848.7450917561849,8603.946041521587,6945.98388671875,30689500,99614500,260892400.0
2025-05-09,834.8312377929688,8532.8388671875,6832.80322265625,844.1071404351128,8580.243527560764,6882.31787109375,830.1932864718967,8509.136537000868,6811.77294921875,830.1932864718967,8580.243527560764,6849.44921875,15486500,47167500,164380000.0
2025-05-14,839.4691772460938,8793.564453125,6979.8798828125,853.3830310126036,8817.266783187331,6987.78076171875,834.8312259905905,8675.052802813343,6914.75390625,839.4691772460938,8769.862123062669,6915.95703125,21583200,149002900,272470100.0
2025-05-15,834.8312377929688,8793.564453125,7040.1611328125,848.7450917561849,8912.076103436657,7076.73681640625,830.1932864718967,8769.862123062669,7002.37109375,844.1071404351128,8793.564453125,7003.14697265625,47060900,101401300,343582300.0
2025-05-16,881.2107543945312,8817.267578125,7106.52587890625,895.124608411287,8840.96991032426,7106.52587890625,830.1932896664268,8746.160581527218,7009.84619140625,839.469192344264,8817.267578125,7092.23486328125,129203900,63007500,239677400.0
2025-05-19,927.5902709960938,9006.884765625,7141.0908203125,950.7800277709961,9006.884765625,7160.6591796875,885.8487088012695,8769.861482319078,7085.97314453125,885.8487088012695,8793.56381064967,7113.44287109375,180392700,111597200,227261200.0
2025-05-20,918.3143920898438,8983.18359375,7094.60205078125,950.7800524162524,9172.802244805409,7202.81689453125,913.6764406146426,8983.18359375,7088.623046875,936.8661979906487,9006.885925131926,7164.14697265625,84529200,160614800,219667500.0
2025-05-21,1011.0734252929688,9196.50390625,7142.4609375,1020.3493282773079,9220.206235905283,7170.72412109375,918.3143954495771,9054.2899283183,7109.22119140625,927.5902984339162,9196.50390625,7114.69921875,152274900,169739200,228188900.0
2025-05-22,1015.7113647460938,9149.0986328125,7166.98095703125,1038.9011219320776,9291.312601198188,7190.6689453125,987.8836561229131,9149.0986328125,7136.7841796875,1011.073413308897,9291.312601198188,7165.10009765625,82813500,103113000,201247200.0
2025-05-23,1001.7975463867188,9172.8017578125,7214.1630859375,1024.9873044049298,9196.504087936046,7223.2529296875,987.8836915757921,9125.397097565407,7177.2451171875,1001.7975463867188,9172.8017578125,7206.35791015625,37803700,48521800,152151100.0
2025-05-26,987.8836669921875,9125.3974609375,7188.35302734375,1011.0734244333187,9149.09979200487,7240.083984375,969.3318610392826,9006.88580560065,7129.38818359375,1006.4354729450924,9101.69512987013,7231.47705078125,44392200,56625300,331040000.0
2025-05-27,997.1595458984375,8959.48046875,7198.966796875,1020.3493027797965,9101.694444444445,7212.56884765625,978.6077403933502,8959.48046875,7162.9609375,1011.0734000272529,9054.28978587963,7204.171875,51561200,93212000,245398700.0
2025-05-28,955.41796875,8912.0751953125,7175.81884765625,1020.3492870145631,9054.289161195145,7237.3408203125,955.41796875,8912.0751953125,7166.67822265625,1001.7974817961165,8959.479850606715,7223.51318359375,65594200,236950800,277488600.0
2025-06-02,960.055908203125,8627.6484375,7065.06884765625,987.8836156872736,8698.755430116758,7152.912109375,941.5041032136927,8556.541444883242,7035.837890625,960.055908203125,8556.541444883242,7134.48681640625,49577000,264428700,240143000.0
2025-06-03,941.5040893554688,8580.2431640625,7044.82177734375,969.3317964300146,8651.350151609979,7090.35107421875,932.2281869972868,8485.433847332528,6994.15576171875,964.6938452509236,8580.2431640625,7071.63818359375,26878900,128318100,199730400.0
2025-06-04,983.2457275390625,8509.13671875,7069.037109375,992.5216306290537,8651.350702907383,7094.44677734375,927.5903089991156,8485.434388057103,7052.9140625,955.418018269089,8627.648372214484,7083.23876953125,99163700,93357200,232777400.0
2025-06-05,955.41796875,8461.73046875,7113.4248046875,992.5215791868932,8580.242099964986,7136.64306640625,950.7800174453884,8438.028142507002,7083.89208984375,992.5215791868932,8532.83744747899,7100.23583984375,45093800,95529000,193147800.0
2025-06-10,936.8661499023438,8627.6484375,7230.7451171875,960.0559060880453,8627.6484375,7230.7451171875,932.2281986652034,8485.434452266483,7133.37890625,955.417954850905,8509.136783138736,7136.86279296875,40139100,80406400,265169800.0
2025-06-11,950.780029296875,8580.2431640625,7222.4560546875,955.4179806592988,8651.350151609979,7239.955078125,936.8661752096036,8580.2431640625,7172.203125,941.5041265720274,8627.647822427485,7232.68115234375,28139200,56632600,262581600.0
2025-06-12,946.14208984375,8651.3505859375,7204.3701171875,964.6938955269608,8651.3505859375,7237.27490234375,936.8661870021447,8532.838934075342,7191.90478515625,955.4179926853554,8532.838934075342,7219.56103515625,32437900,41337300,281607200.0
2025-06-13,958.6187133789062,8556.541015625,7166.06494140625,978.0830527368536,8651.350334357687,7192.6630859375,948.8865436999326,8509.136356258656,7149.60986328125,958.6187133789062,8627.648004674515,7191.1240234375,56140500,83318000,230230400.0
2025-06-16,992.6812744140625,8461.73046875,7117.5908203125,1017.011697806564,8532.83744747899,7211.5439453125,958.6186816645604,8438.028142507002,7117.5908203125,958.6186816645604,8461.73046875,7158.90380859375,59659600,57825000,224577700.0
2025-06-17,982.9490966796875,8603.9453125,7155.85205078125,1007.2795198648282,8627.647641184574,7181.466796875,982.9490966796875,8509.135997761708,7143.60400390625,997.5473505907719,8509.135997761708,7163.02685546875,12174700,54927900,173034400.0
2025-06-18,1007.279541015625,8438.029296875,7107.7890625,1007.279541015625,8556.54094430302,7166.66796875,963.4847783627717,8438.029296875,7089.455078125,992.6812867980072,8485.433955846207,7155.1240234375,35829500,86270200,180387400.0
2025-06-19,978.0830078125,8319.5185546875,6968.63916015625,1007.2795155083955,8461.73254707532,7115.90380859375,963.4847539645523,8295.816222622863,6935.009765625,1007.2795155083955,8438.030215010684,7107.7861328125,23590400,78879500,222226000.0
2025-06-20,992.6812744140625,8248.41015625,6907.13818359375,992.6812744140625,8414.326452496409,6956.80517578125,939.1543429505591,8177.303172144397,6873.7158203125,978.0830203785616,8248.41015625,6948.2841796875,39813900,445915100,331625100.0
2025-06-23,968.3508911132812,8177.3046875,6787.14013671875,992.6813155131125,8248.411684782608,6834.76904296875,963.484806233315,8058.793025362319,6745.14697265625,992.6813155131125,8129.900022644928,6833.47509765625,32703000,87324500,226947900.0
2025-06-24,992.6812744140625,8319.5185546875,6869.1708984375,1017.011697806564,8390.62555088141,6924.96923828125,978.0830203785616,8248.41155849359,6852.11279296875,982.949105057062,8272.113890558227,6864.27880859375,29230000,110158900,186087300.0
2025-06-25,963.4848022460938,8153.60107421875,6832.14306640625,1007.2795659845526,8319.51737514762,6918.783203125,963.4848022460938,8035.089430698128,6814.73583984375,1002.4134811247238,8272.112717739372,6908.9248046875,28154500,117561000,170914900.0
2025-06-26,968.3508911132812,8201.005859375,6897.39990234375,978.0830608732138,8201.005859375,6897.39990234375,958.6187213533489,8082.4942140083085,6817.4111328125,968.3508911132812,8082.4942140083085,6842.01220703125,10294000,117281700,154075100.0
2025-06-30,973.2169799804688,8224.708984375,6927.67919921875,982.9491497802734,8366.92297257745,6949.27978515625,968.3508950805664,8106.197327539625,6876.2587890625,978.0830648803711,8129.8996589067,6936.06494140625,10442400,185441800,167652600.0
2025-07-01,958.6187133789062,8248.41015625,6915.35986328125,982.9491375763405,8319.517140355603,6971.23876953125,953.7526285394194,8153.600844109196,6885.13818359375,973.2169678973668,8295.814812320403,6954.38623046875,22607100,82364500,149285200.0
2025-07-02,900.2257080078125,8224.708984375,6881.2451171875,963.4848118137669,8224.708984375,6905.369140625,895.3596230996621,8129.8996589067,6838.40380859375,958.6187269056165,8129.8996589067,6896.421875,54955100,68545100,182041600.0
2025-07-03,939.1543579101562,8153.60107421875,6878.05078125,944.0204426661675,8295.815046443495,6922.73388671875,895.3595951060557,8153.60107421875,6877.43798828125,900.225679862067,8248.410389035247,6898.630859375,24268400,50370800,154435700.0
2025-07-04,934.2882690429688,8201.005859375,6865.19189453125,944.0204385121664,8248.410517521676,6916.673828125,924.5560995737711,8106.196543081647,6843.69091796875,944.0204385121664,8201.005859375,6893.2177734375,7592200,43593300,132824800.0
2025-07-07,909.9578247070312,8177.3046875,6900.93212890625,939.1543324516418,8201.007019927536,6900.93212890625,905.0917400829295,8106.197690217391,6844.86083984375,934.2882478275401,8177.3046875,6874.0078125,10789400,49936900,120827500.0
2025-07-08,924.5560913085938,8058.79248046875,6904.39208984375,934.2882606907895,8153.6018037683825,6916.8330078125,909.9578372353002,7987.685487994026,6885.2822265625,909.9578372353002,8106.197142118566,6892.3408203125,7144100,215611000,151801800.0
2025-07-09,929.4221801757812,8058.79248046875,6943.921875,939.1543496017056,8106.197142118566,6943.921875,914.8239260368946,8011.387818818934,6907.212890625,929.4221801757812,8058.79248046875,6918.69921875,4793700,94459300,157353100.0
2025-07-10,992.6812744140625,8153.60107421875,7005.37109375,1002.4134437710632,8201.005731626998,7013.6298828125,934.2882582720588,8058.791759402253,6955.455078125,934.2882582720588,8082.494088106377,6968.7978515625,36263700,111769400,167684600.0
2025-07-11,978.0830078125,8177.3046875,7047.43798828125,1007.2795155083955,8224.709352355072,7055.794921875,973.2169231965174,8129.900022644928,7026.48779296875,992.6812616604477,8129.900022644928,7036.2958984375,27175700,135986500,165301900.0
2025-07-14,958.6187133789062,8082.49462890625,7097.15087890625,982.9491375763405,8224.708610646536,7136.2958984375,944.0204588604457,8011.387638036107,7071.34423828125,978.0830527368536,8201.006280356489,7130.53515625,21168300,125196000,205642100.0
2025-07-15,963.4848022460938,8106.19677734375,7140.47412109375,968.3508871059225,8153.60143686038,7161.8359375,944.0204628067787,8035.089788068804,7079.0,958.6187173862651,8153.60143686038,7122.0830078125,18147000,77219300,199389400.0
2025-07-16,963.4848022460938,8082.49462890625,7192.01806640625,978.08305682558,8153.601619776393,7216.81396484375,963.4848022460938,8058.792298616203,7142.86181640625,963.4848022460938,8106.196959196298,7182.64501953125,10676900,97475300,227976400.0
2025-07-17,968.3508911132812,8082.49462890625,7287.02099609375,973.2169759932475,8106.196959196298,7291.56396484375,953.7526364733826,8058.792298616203,7226.1171875,963.484806233315,8058.792298616203,7229.259765625,13101800,86016400,202116700.0
2025-07-18,948.8865356445312,7987.68505859375,7311.9150390625,978.0830444335937,8129.89903589809,7401.5791015625,948.8865356445312,7987.68505859375,7311.9150390625,968.3508748372395,8106.196706347367,7346.037109375,18515700,80432200,273828000.0
2025-07-21,973.2169799804688,8011.38720703125,7398.19189453125,982.9491497802734,8058.79186506102,7408.01220703125,948.886555480957,7940.280219986594,7306.8720703125,948.886555480957,8011.38720703125,7366.31005859375,33783200,95383500,287814600.0
2025-07-22,1055.9404296875,7963.98291015625,7344.73583984375,1055.9404296875,8035.0899004255025,7457.380859375,982.9491557459678,7963.98291015625,7344.73583984375,982.9491557459678,8011.387570335752,7440.2861328125,151731500,77981700,279326600.0
2025-07-23,1192.1907958984375,7987.68505859375,7469.22998046875,1235.9855598294005,8058.79204724592,7469.22998046875,1070.5386738679847,7963.982729043027,7354.99609375,1075.4047587492028,8011.387388144473,7378.23095703125,352087400,70969500,247067700.0
2025-07-24,1158.128173828125,8058.79248046875,7530.90185546875,1216.5211909959296,8106.197142118566,7568.22314453125,1143.5299195361738,8011.387818818934,7478.36376953125,1201.9229367039784,8035.090149643842,7485.08203125,98257500,138256800,242813700.0
2025-07-25,1148.39599609375,8011.38720703125,7543.5029296875,1197.056843385858,8082.494194075905,7552.77490234375,1148.39599609375,8011.38720703125,7515.125,1177.5925044690148,8058.79186506102,7542.375,34101400,58682800,215990900.0
2025-07-28,1124.0655517578125,8058.79248046875,7614.76806640625,1182.458567433543,8177.304134593291,7669.44580078125,1119.1994671181683,8035.090149643842,7614.76806640625,1138.6638056767451,8177.304134593291,7630.751953125,41380500,99484300,229532300.0
2025-07-29,1099.735107421875,7963.98291015625,7617.9072265625,1128.931614698562,8058.792230515253,7680.19482421875,1080.270769237417,7940.280580066499,7565.7880859375,1114.3333610602185,8058.792230515253,7625.79296875,86805900,104240300,230535000.0
2025-07-30,1075.40478515625,7940.28076171875,7549.88818359375,1114.3334651619061,8035.090084246735,7667.55615234375,1070.538700155543,7892.876100454758,7528.12890625,1109.4673801611991,8035.090084246735,7642.25,45565800,98098100,282476700.0
2025-07-31,1080.2708740234375,7845.470703125,7484.3369140625,1109.467384132179,7940.280016757931,7566.751953125,1060.806533950943,7821.7683747167675,7476.380859375,1080.2708740234375,7916.577688349698,7551.244140625,52678200,206006300,325693000.0
2025-08-01,1080.2708740234375,7869.173828125,7537.76806640625,1090.0030440596847,7987.685482163027,7579.60595703125,1075.404789005314,7869.173828125,7523.6201171875,1090.0030440596847,7963.983151355422,7545.15185546875,20237900,86196100,257331800.0
2025-08-04,1094.8690185546875,7845.470703125,7464.64501953125,1138.663779296875,7916.577688349698,7560.05615234375,1060.8064268663195,7845.470703125,7448.0400390625,1080.2707649739584,7892.875359941465,7552.49609375,68684200,49054500,266636100.0
2025-08-05,1085.1368408203125,7987.68505859375,7515.18505859375,1109.4672632602299,8011.387388144473,7546.93994140625,1080.270756332329,7892.875740390857,7463.05810546875,1104.6011787722464,7916.57806994158,7502.69482421875,20917000,69475900,246898000.0
2025-08-06,1080.2708740234375,7869.173828125,7503.75,1104.6012991140553,7987.685482163027,7549.26513671875,1070.5387039871903,7869.173828125,7502.01123046875,1085.136959041561,7987.685482163027,7534.44677734375,23817200,56325400,260371600.0
2025-08-07,1114.3333740234375,7869.173828125,7490.18310546875,1124.0655432288825,7916.578489740211,7580.5498046875,1085.1368664071028,7869.173828125,7490.18310546875,1090.0029510098254,7892.876158932605,7546.3359375,43568000,43621300,278225900.0
2025-08-08,1090.0029296875,7869.173828125,7533.384765625,1128.931605747768,7963.983151355422,7648.90283203125,1080.270760672433,7869.173828125,7516.97705078125,1124.0655212402344,7892.876158932605,7639.19287109375,27262200,68378700,234779100.0
2025-08-11,1080.2708740234375,8106.19677734375,7605.9248046875,1104.6012991140553,8106.19677734375,7630.10693359375,1080.2708740234375,7987.685128552174,7559.34716796875,1090.0030440596847,8058.79211782712,7589.4638671875,17914700,128561300,238319300.0
2025-08-12,1080.2708740234375,8390.625,7791.69677734375,1090.0030440596847,8414.327330508475,7800.8310546875,1070.5387039871903,8129.89936440678,7646.9111328125,1080.2708740234375,8177.3040254237285,7666.08984375,23208500,171015700,272446300.0
2025-08-13,1026.743896484375,8461.73046875,7892.9111328125,1094.8690839288358,8509.135121235995,7903.05322265625,1021.8778116669135,8272.111858806022,7835.3017578125,1090.0029991113745,8509.135121235995,7846.1240234375,70380700,129083900,323979600.0
2025-08-14,1021.8778076171875,8319.5185546875,7931.2509765625,1036.4760620117188,8485.434879139957,7973.98095703125,1002.4134684244791,8295.816222622863,7905.5478515625,1021.8778076171875,8461.73254707532,7909.01611328125,26414800,122930900,361821900.0
2025-08-15,982.9490966796875,8248.41015625,7898.375,1026.7438584129409,8390.624124461207,8017.06787109375,982.9490966796875,8248.41015625,7898.373046875,1021.8777737759127,8366.921796426006,7967.77294921875,30028600,68754200,346947400.0
2025-08-19,987.815185546875,8058.79248046875,7862.94921875,1002.4134395204741,8153.6018037683825,7931.7587890625,982.9491008890086,8011.387818818934,7854.09521484375,982.9491008890086,8153.6018037683825,7905.34521484375,17481700,128591700,358268400.0
2025-08-20,1021.8778076171875,8082.49462890625,7943.8251953125,1031.6099772135417,8153.601619776393,7952.341796875,982.9491292317708,7916.578316875916,7863.86181640625,992.681298828125,7940.280647165964,7874.89599609375,29662400,202260200,374993100.0
2025-08-21,992.6812744140625,8106.19677734375,7890.71484375,1031.609951842065,8129.899107102065,7932.30517578125,987.8151897355622,8058.79211782712,7848.8828125,1031.609951842065,8106.19677734375,7903.2900390625,16708400,69470200,341447000.0
2025-08-22,997.54736328125,8011.38720703125,7858.85107421875,1007.2795326791158,8129.898852105676,7913.38720703125,987.8151938833842,8011.38720703125,7858.85107421875,997.54736328125,8129.898852105676,7910.09912109375,10343600,66394100,320227000.0
2025-08-25,982.9490966796875,8035.09033203125,7926.9072265625,997.5473505907719,8106.197326120023,7951.97802734375,978.0830120426593,8035.09033203125,7915.05419921875,997.5473505907719,8082.4949947570985,7921.02099609375,24354100,64052700,376267300.0
2025-08-26,987.815185546875,7821.7685546875,7905.7568359375,1002.4134395204741,8035.089515269886,7978.06689453125,973.2169315732758,7821.7685546875,7881.208984375,982.9491008890086,8011.387186316288,7971.787109375,21438100,326794200,504946100.0
2025-08-27,1002.4134521484375,7869.173828125,7936.17578125,1017.011706305939,7916.578489740211,7945.44482421875,992.6812827101032,7774.364504894578,7894.7587890625,992.6812827101032,7821.769166509789,7923.0029296875,62709200,111915700,357580800.0
2025-08-28,992.6812744140625,7892.8759765625,7952.087890625,1002.4134437710632,7940.280637082395,8022.7578125,987.8151897355622,7845.4713160426045,7941.93896484375,1002.4134437710632,7916.578306822447,7951.865234375,12110400,81281400,399326600.0
2025-08-29,978.0830078125,7655.8525390625,7830.4931640625,992.6812616604477,7845.47117780089,7913.85986328125,953.752584732587,7655.8525390625,7765.59619140625,982.9490924284826,7821.768847958591,7899.88720703125,29525600,236499300,481348100.0
2025-09-01,963.4848022460938,7584.74560546875,7736.06591796875,968.3508871059225,7632.150265502929,7783.41796875,919.690038507635,7205.508325195312,7547.56396484375,944.0204628067787,7252.912985229492,7620.09912109375,28460000,421127500,358661000.0
2025-09-02,968.3508911132812,7584.74560546875,7801.5849609375,987.8152306331463,7750.661915588378,7842.298828125,968.3508911132812,7584.74560546875,7771.333984375,968.3508911132812,7584.74560546875,7771.333984375,16514200,155531500,347812700.0
2025-09-03,997.54736328125,7561.04345703125,7885.86279296875,1007.2795326791158,7584.745787617555,7911.6181640625,968.3508550876525,7489.936465272335,7840.7509765625,973.2169397865854,7489.936465272335,7843.6318359375,33131700,212372700,351685500.0
2025-09-04,997.54736328125,7584.74560546875,7867.34814453125,1036.4760408727134,7584.74560546875,7899.7958984375,987.8151938833842,7513.63861541748,7855.7421875,1002.4134479801829,7561.04327545166,7873.8427734375,60574500,103534800,362349800.0
2025-09-08,973.2169799804688,7300.3173828125,7766.84912109375,1012.1456591796875,7608.447661957183,7934.9912109375,973.2169799804688,7300.3173828125,7766.84912109375,1002.4134893798828,7608.447661957183,7929.06298828125,26064500,321191900,336787200.0
2025-09-09,963.4848022460938,7134.4013671875,7628.60498046875,987.8152265452376,7324.020008175872,7791.333984375,953.7526325264363,7086.9967069404065,7619.716796875,968.3508871059225,7229.210687681686,7748.51220703125,18539200,595368700,335416000.0
2025-09-10,973.2169799804688,7395.126953125,7699.0068359375,987.8152346801758,7395.126953125,7726.376953125,963.4848101806641,7158.1036533453525,7661.27978515625,963.4848101806641,7158.1036533453525,7682.421875,7338700,246849600,263174400.0
2025-09-11,963.4848022460938,7442.53125,7747.90478515625,982.9491416854088,7561.042894108281,7819.09814453125,963.4848022460938,7442.53125,7742.59912109375,973.2169719657513,7489.935907643312,7781.1708984375,18876400,235173400,289797900.0
2025-09-12,963.4848022460938,7513.638671875,7854.06005859375,982.9491416854088,7561.043332265379,7854.81201171875,963.4848022460938,7442.5316812894325,7790.7939453125,963.4848022460938,7561.043332265379,7819.001953125,14120600,156084700,289619100.0
2025-09-15,1002.4134521484375,7608.4482421875,7937.1181640625,1002.4134521484375,7679.55523510514,7937.1181640625,973.2169438334345,7561.043580242406,7889.18896484375,973.2169438334345,7584.745911214953,7891.26416015625,32763900,142567700,345056100.0
2025-09-16,992.6812744140625,7513.638671875,7957.69580078125,1021.8777824850644,7655.852653046136,7985.576171875,973.2169357000613,7489.9363416798105,7899.66796875,1017.011697806564,7632.150322850946,7979.31982421875,32801100,129312900,401395800.0
2025-09-17,997.54736328125,7442.53125,8025.17919921875,1002.4134479801829,7489.935907643312,8025.17919921875,973.2169397865854,7395.126592356688,7940.51318359375,1002.4134479801829,7442.53125,7964.423828125,19186000,183725900,323654400.0
2025-09-18,987.815185546875,7300.3173828125,8008.43310546875,1002.4134395204741,7489.936016132306,8068.0087890625,982.9491008890086,7252.912724482549,7993.51708984375,997.5473548626077,7442.531357802354,8065.7431640625,11459200,275378700,378167700.0
2025-09-19,963.4848022460938,7395.126953125,8051.1181640625,997.547396264895,7418.829283102964,8051.1181640625,963.4848022460938,7252.912973257211,7983.35693359375,987.8152265452376,7252.912973257211,7996.19580078125,40560600,149025300,423577900.0
2025-09-22,968.3508911132812,7324.02001953125,8040.0390625,973.2169759932475,7418.829340172431,8087.92919921875,958.6187213533489,7324.02001953125,8005.34912109375,968.3508911132812,7395.1270100121355,8082.2587890625,25741800,92588800,345468800.0
2025-09-23,1012.1456298828125,7466.23388671875,8125.201171875,1012.1456298828125,7489.936216517857,8125.201171875,968.3508670513446,7347.722237723215,8039.94677734375,973.2169518103966,7347.722237723215,8066.294921875,53562300,102606200,518663700.0
2025-09-24,992.6812744140625,7371.42431640625,8126.55810546875,1031.609951842065,7537.3406193478695,8169.01708984375,987.8151897355622,7324.019658422931,8077.83984375,1017.011697806564,7537.3406193478695,8161.2841796875,54407800,150428400,454412900.0
2025-09-25,987.815185546875,7300.3173828125,8040.6650390625,1012.1456088362069,7371.424370307427,8146.08984375,978.0830162311422,7300.3173828125,8022.97900390625,992.6812702047414,7324.019711977476,8130.02197265625,23176300,147986600,483927800.0
2025-09-26,987.815185546875,7229.2099609375,8099.3330078125,997.5473548626077,7300.316944159837,8099.3330078125,978.0830162311422,7181.805305455943,8034.998046875,987.815185546875,7181.805305455943,8051.76220703125,20706500,121657700,351966900.0
2025-09-29,1041.3421630859375,7371.42431640625,8123.2451171875,1055.9404177086376,7395.12664539791,8157.330078125,982.9491445951373,7300.31732943127,8100.01708984375,992.681314343604,7347.72198741459,8139.5791015625,70789500,116454700,439450000.0
2025-09-30,1021.8778076171875,7229.2099609375,8061.06201171875,1070.5386555989583,7371.423927382172,8150.341796875,1007.2795532226562,7229.2099609375,8042.8232421875,1051.07431640625,7300.316944159837,8137.634765625,68068900,170666700,461651600.0
2025-10-01,1036.47607421875,7110.69921875,8043.82177734375,1051.0743287852113,7276.615533854167,8093.69384765625,1002.4134802303404,7110.69921875,8034.25,1026.7439045077758,7205.508541666667,8069.93701171875,38817500,202433400,536747800.0
2025-10-02,1060.8065185546875,7110.69921875,8071.0810546875,1109.467368029673,7205.508541666667,8109.43603515625,1031.610008869696,7110.69921875,8059.048828125,1041.3421787646932,7110.69921875,8070.4248046875,117844000,126952400,402266500.0
2025-10-03,1055.9404296875,7134.4013671875,8118.30078125,1075.404769405242,7158.103697311047,8118.30078125,1036.476089969758,7110.699037063953,8076.59716796875,1070.5386844758066,7134.4013671875,8099.64501953125,33268400,76787500,428024700.0
2025-10-06,1075.40478515625,7110.69921875,8139.89404296875,1075.40478515625,7158.103880208334,8176.30810546875,1036.4761051505939,7063.294557291667,8104.5517578125,1065.672615154836,7110.69921875,8155.365234375,38546100,104032400,429540400.0
2025-10-07,1075.40478515625,7181.80615234375,8169.28076171875,1104.601295160492,7205.508482879538,8217.0458984375,1060.806530154129,7110.699160736386,8153.712890625,1075.40478515625,7158.103821807962,8182.65576171875,42727500,74282600,426851900.0
2025-10-08,1343.0394287109375,6992.18701171875,8166.02880859375,1343.0394287109375,7134.400984838454,8224.64453125,1051.0743355129075,6992.18701171875,8044.93310546875,1085.1369297193444,7110.69865598517,8201.140625,270278600,168080800,355267800.0
2025-10-09,1265.1820068359375,7158.10400390625,8250.9384765625,1489.021900353065,7300.317990738825,8272.6318359375,1211.655075777494,6921.080692518626,8159.94482421875,1420.8967153695914,6992.187685934913,8187.7001953125,487097400,293567400,347199100.0
2025-10-10,1333.3072509765625,7015.8896484375,8257.859375,1401.4324389826643,7063.29430822424,8270.33203125,1274.9142326856181,6968.48498865076,8194.046875,1294.378572115933,7063.29430822424,8259.0751953125,189162500,107426000,366345900.0
2025-10-13,1333.3072509765625,6944.78271484375,8227.2021484375,1396.5663541250856,6992.187375013333,8288.279296875,1279.7803175431968,6921.08038475896,8133.626953125,1299.2446569735116,6921.08038475896,8169.64892578125,157128800,101847900,366939200.0
2025-10-14,1313.8428955078125,6873.67578125,8066.52197265625,1440.3611002604166,6968.48510237069,8284.91015625,1255.4498779296875,6873.67578125,7974.02978515625,1343.039404296875,6897.378111530173,8269.48046875,197123600,151862300,440487100.0
2025-10-15,1240.8515625,6873.67578125,8051.1748046875,1352.7715073529412,6968.48510237069,8132.52197265625,1226.2533088235296,6849.973450969828,7936.37109375,1338.1732536764707,6873.67578125,8107.298828125,116469800,133206400,329138800.0
2025-10-16,1284.6463623046875,6921.080078125,8124.7568359375,1284.6463623046875,6944.782407159674,8148.044921875,1235.9855152476916,6849.973091020976,8030.77685546875,1245.717684659091,6873.675420055651,8064.67919921875,55351200,120611200,246641300.0
2025-10-17,1162.9942626953125,7110.69921875,7915.65576171875,1289.5124670052628,7134.401549479167,8140.59716796875,1148.3960083518568,6897.3782421875,7854.30712890625,1284.646382224111,6921.080572916667,8132.7470703125,111415100,157334400,353739000.0
2025-10-20,1226.25341796875,7466.23388671875,8088.97802734375,1289.512522863963,7584.745535714286,8117.26904296875,1187.324738033234,7229.210588727679,7937.384765625,1192.1908230251736,7300.317578125,7988.4482421875,73914800,393421800,307599100.0
2025-10-21,1333.3072509765625,8035.09033203125,8238.083984375,1362.5037601220347,8035.09033203125,8238.083984375,1235.9855538249885,7679.55536158739,8161.19384765625,1240.8516386825672,7679.55536158739,8165.69189453125,125689300,529802600,281761500.0
2025-10-22,1270.048095703125,7774.3642578125,8152.55322265625,1323.5750269396551,8248.41085889863,8261.84375,1265.1820110452586,7774.3642578125,8141.98583984375,1313.8428576239223,8248.41085889863,8235.69921875,56090900,392957200,275367500.0
2025-10-23,1299.24462890625,7892.8759765625,8274.3515625,1308.9767984111659,7916.578306822447,8292.8876953125,1274.9142051439608,7726.959664742867,8179.61279296875,1284.6463746488764,7774.364325262763,8179.8837890625,23435600,187003900,281648700.0
2025-10-24,1279.7802734375,7845.470703125,8271.7216796875,1352.7715437856464,7940.280016757931,8351.05859375,1260.3159346779944,7845.470703125,8271.7216796875,1304.1106968868821,7869.1730315332325,8294.8916015625,68760200,133355100,238196400.0
2025-10-27,1381.968017578125,7916.578125,8117.15087890625,1420.8966941296214,7987.685114146707,8354.6728515625,1284.6463261993838,7774.364146706587,7959.1689453125,1289.5124107683207,7892.875795284431,8322.216796875,177413600,182275600,359000200.0
2025-10-28,1396.5662841796875,7845.470703125,8092.62890625,1430.628876476753,7963.982345166163,8151.3349609375,1347.9054380410225,7821.7683747167675,8039.85107421875,1411.164538021287,7916.577688349698,8144.4248046875,118414900,180270000,282866700.0
2025-10-29,1454.9593505859375,8153.60107421875,8166.22412109375,1479.2897745087794,8153.60107421875,8169.13916015625,1352.7715701100021,7845.470801065135,8042.6298828125,1391.700248386549,7869.173129769259,8107.3759765625,170320200,239156800,248336300.0
2025-10-30,1425.7628173828125,8082.49462890625,8184.06396484375,1498.754087897291,8295.815601516679,8231.8828125,1416.030647980882,8035.089968326155,8145.60400390625,1469.5575796914995,8129.899289486346,8176.36083984375,113004100,259009800,326703000.0
2025-10-31,1357.6376953125,8082.49462890625,8163.875,1430.6289692540324,8201.006280356489,8215.5458984375,1333.3072706653227,8082.49462890625,8144.0771484375,1425.7628843245968,8106.196959196298,8202.5234375,98030000,177088000,245393300.0
2025-11-03,1343.0394287109375,8201.005859375,8275.083984375,1391.7002775772758,8201.005859375,8282.16015625,1304.1107496178668,8082.4942140083085,8201.3642578125,1357.6376833708389,8201.005859375,8208.0302734375,54301600,115007100,338112200.0
2025-11-04,1352.7716064453125,8201.005859375,8241.9111328125,1357.6376913605834,8248.410517521676,8317.076171875,1304.1107572926035,8177.303530301661,8225.9111328125,1343.0394366147707,8201.005859375,8275.953125,47752300,155231500,254611100.0
2025-11-05,1333.3072509765625,8248.41015625,8318.5263671875,1357.637675264456,8248.41015625,8318.5263671875,1284.6464024007755,8153.600844109196,8181.90380859375,1328.4411661189838,8177.303172144397,8213.6005859375,43898600,125731500,333837700.0
2025-11-06,1362.5037841796875,8106.19677734375,8337.0576171875,1391.7002938406808,8224.708426135325,8362.916015625,1338.173359462193,8106.19677734375,8289.890625,1343.039444405692,8177.303766618695,8354.6796875,46437100,89756900,229181000.0
2025-11-07,1362.5037841796875,8224.708984375,8394.58984375,1401.4324637276786,8224.708984375,8398.7646484375,1352.7716142926897,8106.197327539625,8332.6005859375,1377.1020390101842,8106.197327539625,8346.5771484375,43921500,75241900,227520700.0
2025-11-10,1343.0394287109375,8129.89892578125,8391.240234375,1386.8341926906419,8224.708242699982,8478.1484375,1343.0394287109375,8129.89892578125,8391.240234375,1367.3698531441066,8224.708242699982,8443.3203125,29978100,79897700,415934000.0
2025-11-11,1391.7001953125,7963.98291015625,8366.5146484375,1440.3610413024476,8153.601550874257,8443.6865234375,1343.0393493225524,7963.98291015625,8338.396484375,1347.9054339215472,8129.899220784506,8437.958984375,102910000,130897600,677885600.0
2025-11-12,1381.968017578125,8058.79248046875,8388.56640625,1406.2984404228102,8106.197142118566,8428.9482421875,1372.2358484402507,7963.9831571691175,8377.4970703125,1396.5662712849362,7987.685487994026,8392.2802734375,27817300,85415600,491096300.0
2025-11-13,1347.905517578125,7940.28076171875,8371.9990234375,1386.8341967861575,8035.090084246735,8418.1630859375,1347.905517578125,7940.28076171875,8354.8359375,1381.9681118851533,7963.983092350746,8412.826171875,34481700,104113800,534184900.0
2025-11-14,1304.1107177734375,7987.68505859375,8370.435546875,1338.173311148117,8058.79204724592,8417.134765625,1294.3785482378148,7940.280399492303,8360.9365234375,1338.173311148117,7940.280399492303,8378.12890625,44934500,89815300,422843300.0
2025-11-17,1294.3785400390625,8129.89892578125,8416.8818359375,1347.9054721459408,8129.89892578125,8452.3291015625,1265.1820316171286,8035.089608862519,8391.9951171875,1304.1107095130403,8058.791938092201,8397.8359375,47540600,129411100,382110500.0
2025-11-18,1260.31591796875,7963.98291015625,8361.92578125,1294.3785103462837,8129.899220784506,8442.865234375,1226.2533255912163,7963.98291015625,8341.9033203125,1294.3785103462837,8106.196890694755,8427.3984375,41803700,119377900,374837900.0
2025-11-19,1284.6463623046875,8035.09033203125,8406.5771484375,1308.9767858331854,8058.792663394174,8426.6328125,1250.5837693647904,7892.876343853706,8375.5751953125,1260.3159387761896,7916.5786752166305,8384.3623046875,35225000,114209700,394548300.0
2025-11-20,1294.3785400390625,7987.68505859375,8419.9169921875,1313.8428789870184,8153.601365448813,8491.427734375,1289.5124553020735,7963.982729043027,8419.9169921875,1289.5124553020735,8035.089717695197,8449.5419921875,28005500,124087400,319147400.0
2025-11-21,1265.1820068359375,7963.98291015625,8414.3515625,1299.2445993276742,7987.685240246001,8432.6025390625,1265.1820068359375,7916.578249976749,8361.271484375,1294.3785146859977,7940.280580066499,8403.9013671875,18837500,103917100,288992600.0
2025-11-24,1284.6463623046875,8035.09033203125,8570.25390625,1294.3785317160866,8035.09033203125,8570.25390625,1260.3159387761896,7916.5786752166305,8429.4638671875,1265.1820234818892,7963.983337942478,8458.29296875,14566700,279590600,471629100.0
2025-11-25,1274.9141845703125,8058.79248046875,8521.884765625,1294.3785232660425,8058.79248046875,8574.384765625,1265.1820152224475,7940.280826344209,8487.220703125,1294.3785232660425,8035.090149643842,8570.845703125,16161000,98807700,414092000.0
2025-11-26,1270.048095703125,7987.68505859375,8602.1298828125,1279.7802650188578,8011.387388144473,8602.1298828125,1260.3159263873922,7940.280399492303,8503.146484375,1274.9141803609914,7963.982729043027,8533.8857421875,22265200,77094400,498634000.0
2025-11-27,1235.9854736328125,7892.8759765625,8545.865234375,1289.5124035932886,8011.3876278622365,8622.267578125,1226.2533045490895,7892.8759765625,8521.49609375,1274.9141499677044,7987.685297602289,8611.328125,31937100,71051300,463624300.0
2025-11-28,1235.9854736328125,7845.470703125,8508.7060546875,1250.583727258397,7916.577688349698,8572.359375,1221.387220007228,7845.470703125,8495.205078125,1235.9854736328125,7892.875359941465,8555.65625,17153200,67559300,386357400.0
2025-12-01,1226.25341796875,7963.98291015625,8548.7880859375,1255.449927920387,8011.387570335752,8553.6162109375,1221.3873329768105,7916.578249976749,8493.2451171875,1235.985587952629,8011.387570335752,8541.5390625,24955400,76359200,433587600.0
2025-12-02,1270.048095703125,7940.28076171875,8617.04296875,1284.6463496767242,7987.685422982742,8625.6357421875,1235.9855030980602,7916.578431086754,8564.6953125,1235.9855030980602,7916.578431086754,8577.6064453125,38131300,97044000,405114200.0
2025-12-03,1255.4498291015625,7921.19384765625,8611.787109375,1289.5124213640079,8016.629918109939,8669.1865234375,1250.5837444926417,7921.19384765625,8591.806640625,1279.7802521461665,7968.911882883095,8655.017578125,21871000,103550900,432093300.0
2025-12-04,1240.8515625,7849.6162109375,8640.1962890625,1274.9141544117647,7968.911290131079,8650.296875,1235.9854779411764,7849.6162109375,8606.9033203125,1265.1819852941178,7945.052274292363,8646.646484375,21230400,71410400,447262700.0
2025-12-05,1255.4498291015625,7921.19384765625,8632.7607421875,1265.181998319404,7921.19384765625,8689.0986328125,1231.1194060569585,7825.757777202561,8617.0380859375,1240.8515752748,7825.757777202561,8658.8896484375,17584300,71162300,421538600.0
2025-12-08,1406.2984619140625,7921.19384765625,8710.6953125,1425.7628004872677,7968.911882883095,8720.0908203125,1265.1820072583262,7873.475812429405,8642.0615234375,1265.1820072583262,7968.911882883095,8676.7265625,205535200,61745200,525913600.0
2025-12-09,1343.0394287109375,7730.32080078125,8657.1787109375,1474.4237206500509,7921.192919319058,8749.2626953125,1338.1733438243036,7730.32080078125,8626.845703125,1411.164617123811,7921.192919319058,8743.208984375,170296800,113057200,498676700.0
2025-12-10,1367.369873046875,7706.46240234375,8700.923828125,1386.8342128767238,7801.898469245839,8720.880859375,1328.4411933871775,7658.744368892705,8668.6064453125,1347.9055332170262,7730.321419069272,8713.7109375,51764500,143418300,623753400.0
2025-12-11,1323.5750732421875,7634.88525390625,8620.4814453125,1450.0932787726908,7825.757385253906,8776.9697265625,1279.780309789321,7539.449188232422,8560.10546875,1386.834176007439,7801.898368835449,8764.0908203125,134782700,140766000,667238000.0
2025-12-12,1362.5037841796875,7634.88525390625,8660.4990234375,1391.7002938406808,7634.88525390625,8680.041015625,1313.8429347446986,7491.731155395508,8585.421875,1323.5751046316964,7539.449188232422,8651.765625,54294600,100006800,457344900.0
2025-12-15,1352.7716064453125,7921.19384765625,8649.662109375,1386.8342008522088,7921.19384765625,8720.6826171875,1343.0394366147707,7563.308583454914,8622.9853515625,1367.3698611911252,7563.308583454914,8705.2392578125,55116200,143105700,553538600.0
2025-12-16,1352.7716064453125,7706.46240234375,8686.46875,1367.3698611911252,7992.7706030500185,8700.861328125,1313.8429271231453,7658.744368892705,8611.3466796875,1357.6376913605834,7992.7706030500185,8696.6962890625,34934000,122332000,431043000.0
2025-12-17,1386.8341064453125,7658.74462890625,8677.3447265625,1420.896698533443,7754.180699048384,8729.4658203125,1343.0393451891446,7611.026593835183,8660.748046875,1352.771514357182,7634.885611370716,8708.3271484375,70497500,89802700,341969700.0
2025-12-18,1352.7716064453125,7801.89794921875,8618.1953125,1454.9593896660017,7873.474994624427,8730.708984375,1343.0394366147707,7658.743858407397,8618.1953125,1416.0307103438345,7658.743858407397,8705.1376953125,85264200,88497200,328562900.0
2025-12-19,1323.5750732421875,7682.603515625,8609.55078125,1352.7715822107652,7849.616635529891,8671.767578125,1318.7089884140912,7682.603515625,8562.8876953125,1352.7715822107652,7825.757618400621,8657.2421875,27215200,131069800,307160800.0
2025-12-22,1377.1019287109375,7801.89794921875,8645.84375,1391.7001823721841,7801.89794921875,8648.794921875,1313.842829512202,7658.743858407397,8609.388671875,1333.3071677271973,7682.602873542623,8629.24609375,49434100,72424200,374939200.0
2025-12-23,1352.7716064453125,7658.74462890625,8584.7822265625,1406.2985405132924,7754.180699048384,8667.7333984375,1352.7716064453125,7611.026593835183,8566.9951171875,1381.968115936938,7730.321681512851,8656.6533203125,40766900,85044100,329812800.0
2025-12-24,1347.905517578125,7658.74462890625,8537.9111328125,1386.8341967861575,7706.462663977317,8611.3330078125,1347.905517578125,7634.885611370716,8525.1005859375,1362.5037722811371,7658.74462890625,8597.3876953125,29651200,71260500,280698800.0
2025-12-29,1557.1470947265625,7658.74462890625,8644.255859375,1600.9418567657472,7658.74462890625,8652.1826171875,1367.3697925567628,7587.167576299649,8545.7216796875,1367.3697925567628,7658.74462890625,8545.7216796875,245495500,78399400,334277800.0
2025-12-30,1518.2183837890625,7706.46240234375,8646.9384765625,1547.4148911696213,7801.898469245839,8663.66796875,1489.0218764085034,7587.167318716138,8584.865234375,1523.0844683524888,7587.167318716138,8627.400390625,73870300,101995600,308173000.0
2026-01-02,1600.94189453125,7658.74462890625,8748.1318359375,1615.5401488886778,7706.462663977317,8748.1318359375,1542.5488771015387,7634.885611370716,8664.974609375,1542.5488771015387,7706.462663977317,8676.7412109375,83708700,68612400,471863900.0
2026-01-05,1600.94189453125,7706.46240234375,8859.19140625,1639.8705728177242,7730.321419069272,8859.19140625,1576.6114706022036,7634.885352167183,8732.3193359375,1615.5401488886778,7634.885352167183,8778.732421875,51541500,73408800,665735100.0
2026-01-06,1756.6566162109375,7801.89794921875,8933.609375,1907.5052453038436,7801.89794921875,8940.109375,1552.2810542140971,7706.461888677848,8839.01171875,1610.67407192748,7801.89794921875,8890.720703125,246575700,97624300,630432800.0
2026-01-07,1805.3175048828125,7778.0390625,8944.8134765625,1839.3800993145637,7801.89807802914,8970.869140625,1766.3888255322397,7658.7439848542945,8916.029296875,1795.5853350451694,7754.180046970859,8959.0908203125,81287400,93152500,655409500.0
2026-01-08,1664.200927734375,7682.603515625,8925.470703125,1839.379972759046,7778.0395841420805,9002.919921875,1639.8705048142817,7682.603515625,8918.4052734375,1800.4512960868967,7730.32154988354,8946.7001953125,139761600,79823700,489316100.0
2026-01-09,1703.129638671875,7754.18017578125,8936.75390625,1717.727892717634,7801.898207632212,8981.021484375,1635.004453125,7682.603128004808,8908.1728515625,1669.0670458984375,7754.18017578125,8969.1513671875,67802500,79484700,499545200.0
2026-01-12,1888.0408935546875,7658.74462890625,8884.72265625,1922.103486995107,7730.321681512851,9000.966796875,1703.129672020981,7634.885611370716,8715.4111328125,1751.790519793009,7706.462663977317,8991.759765625,233409700,82935700,697907000.0
2026-01-13,1956.166015625,7706.46240234375,8948.302734375,2043.7555387126865,7706.46240234375,8956.7265625,1897.773000233209,7634.885352167183,8841.017578125,1926.9695079291046,7658.744368892705,8931.2421875,246331900,80536300,538438100.0
2026-01-14,1922.103515625,7634.88525390625,9032.583984375,2014.5591277689873,7682.603286743164,9049.2978515625,1907.5052610759492,7587.167221069336,8979.6015625,1975.630448971519,7658.744270324707,9007.052734375,83825700,105724300,580700100.0
2026-01-15,1926.9696044921875,7706.46240234375,9075.40625,1985.3626228101327,7801.898469245839,9100.8251953125,1907.5052650528726,7611.02633544166,9040.998046875,1975.6304530904752,7634.885352167183,9072.2958984375,48021300,151753100,446899000.0
2026-01-19,1883.1748046875,7754.18017578125,9133.873046875,1936.7017371204781,7754.18017578125,9133.873046875,1839.3800417877908,7611.026080228366,9025.998046875,1926.9695675872094,7706.462143930288,9098.7021484375,50684300,172100000,541550600.0
2026-01-20,2004.826904296875,7634.88525390625,9134.7001953125,2014.5590737352095,7754.180335998535,9174.4736328125,1853.9782780026926,7634.88525390625,9120.154296875,1878.3087015985286,7682.603286743164,9156.189453125,90478900,82672500,606446200.0
2026-01-21,1946.4339599609375,7348.57666015625,9010.330078125,2004.8269787597656,7587.166811460024,9105.2314453125,1902.6391958618165,7348.57666015625,8977.6806640625,1995.094808959961,7563.307796329646,9094.4306640625,94603900,301825600,553244200.0
2026-01-22,2111.880859375,7300.85888671875,8992.1826171875,2131.345199092742,7420.153966567095,9109.7099609375,1956.1661416330646,7253.140854779412,8992.1337890625,1995.0948210685485,7348.576918658088,9052.16796875,129775400,268025900,661020800.0
2026-01-23,2218.9345703125,7300.85888671875,8951.009765625,2238.3989086485744,7324.717902688419,9039.666015625,2024.2911869517543,7205.422822840073,8837.828125,2121.612878632127,7253.140854779412,9031.494140625,147369200,202878600,587299800.0
2026-01-26,2218.9345703125,7300.85888671875,8975.333984375,2257.863246984649,7324.717902688419,9058.0458984375,2180.0058936403507,7181.563806870405,8923.52734375,2238.3989086485744,7205.422822840073,8967.7275390625,69107600,213044100,491763600.0
2026-01-27,2160.541748046875,7157.705078125,8980.23046875,2228.666938300605,7277.000162760417,8980.23046875,2121.613067901886,7157.705078125,8873.4765625,2218.934768264358,7229.28212890625,8974.5654296875,77736500,259830900,536008400.0
2026-01-28,2024.291259765625,6704.3837890625,8320.5556640625,2209.2024806096,7062.269044706406,8596.171875,1844.2461236807014,6608.947720890792,8187.73486328125,2034.0234292837288,6728.242806105427,8393.513671875,155198800,1027287500,557055000.0
2026-01-29,2043.755615234375,6871.396484375,8232.203125,2063.2199544270834,6942.973531087239,8296.94140625,1722.5940185546874,6084.048970540364,7481.98779296875,2004.8269368489582,6370.357157389323,8027.828125,207378200,1432993400,906233100.0
2026-01-30,1931.835693359375,7062.26904296875,8329.6064453125,2092.4164940668293,7253.1411792652025,8408.2998046875,1922.1035236195291,6871.3969066722975,8167.15576171875,2043.7556453676007,6871.3969066722975,8308.724609375,95310700,528434900,478640200.0
2026-02-02,1800.451416015625,7253.140625,7922.73095703125,1917.237453811233,7253.140625,8313.0576171875,1688.5314631281672,6990.691457648027,7820.22509765625,1839.3800952808276,7253.140625,8306.1630859375,158423000,326948700,444961400.0
2026-02-03,1844.24609375,7300.85888671875,8122.59716796875,1883.1747711906332,7300.85888671875,8122.59716796875,1712.8618073878629,7038.40971105239,7712.34814453125,1829.6478397097626,7253.140854779412,7888.77099609375,73839100,206015400,545340400.0
2026-02-04,1868.5765380859375,7444.01318359375,8146.716796875,1956.1660633087158,7467.872200207832,8194.68359375,1819.9156907399495,7253.14105068109,8050.39599609375,1858.84436861674,7300.859083909255,8121.033203125,61250000,193370800,404556000.0
2026-02-05,1751.79052734375,7444.01318359375,8103.87890625,1873.442647298177,7563.308266664162,8214.4609375,1746.924442545573,7444.01318359375,8102.7861328125,1868.5765625,7444.01318359375,8154.60400390625,88357500,142332400,323626200.0
2026-02-06,1693.3974609375,7324.7177734375,7935.259765625,1780.9869847790947,7420.153835632125,8025.14013671875,1644.736614358836,7253.140726791531,7861.68505859375,1659.3348683324352,7348.576788986156,7945.0400390625,75251200,176352600,312234100.0
2026-02-09,1746.9244384765625,7157.705078125,8031.8740234375,1751.7905232634052,7372.43623046875,8031.8740234375,1683.6653362476063,7109.987044270833,7863.005859375,1727.4600993291913,7324.718196614584,7970.02197265625,33961400,174758300,310222600.0
2026-02-10,1839.3800048828125,7133.84619140625,8131.73779296875,1892.906936241836,7205.423243493939,8140.86181640625,1732.326142164765,7109.987174043687,8011.1298828125,1751.7904808407736,7157.705208768813,8031.58203125,94151000,127704200,374472200.0
2026-02-11,1883.1748046875,7109.98681640625,8290.9658203125,1892.9069742207687,7181.563864893561,8290.9658203125,1810.1835331879845,7062.268784081376,8118.1630859375,1849.1122113210595,7133.845832568687,8152.78515625,48376200,213505000,545693700.0
2026-02-12,1873.442626953125,6990.69189453125,8265.3515625,1936.7017286424514,7133.845994760559,8334.0224609375,1868.5765422077923,6966.832877826365,8220.150390625,1888.0408811891234,7109.986978055674,8317.240234375,37169700,237465300,379401500.0
2026-02-13,1815.049560546875,6871.396484375,8212.271484375,1902.6390835759466,6990.691562228732,8251.9892578125,1800.4513067086964,6871.396484375,8170.5869140625,1863.710406674137,6990.691562228732,8240.005859375,47466300,356015300,434442400.0
2026-02-18,1912.371337890625,6942.9736328125,8310.2265625,1917.2374227198632,7038.409696493772,8310.2265625,1819.9157261350986,6895.255600971865,8227.4521484375,1819.9157261350986,6895.255600971865,8235.80859375,45677700,125301200,459026600.0
2026-02-19,1975.63037109375,6847.53759765625,8274.0810546875,2024.2912176724137,6990.691693774499,8376.19921875,1888.0408472521551,6847.53759765625,8251.8115234375,1917.2373551993533,6990.691693774499,8357.4453125,131628600,133463400,435377400.0
2026-02-20,2014.55908203125,6895.25537109375,8271.7666015625,2014.55908203125,6919.114386218642,8328.4208984375,1931.8356414647494,6823.678325719075,8236.7529296875,1975.6304041176027,6847.537340843966,8300.2216796875,85280700,122959500,400251500.0
2026-02-23,2034.0234375,6966.83251953125,8396.08203125,2043.7556070574162,7014.550550486943,8397.0654296875,1975.6304201555024,6942.973504053403,8327.5693359375,2024.2912679425838,6966.83251953125,8334.54296875,51440400,100443800,443116900.0
2026-02-24,1965.898193359375,6895.25537109375,8280.8330078125,2034.023378277769,6990.691431593317,8437.0888671875,1956.1660240853187,6895.25537109375,8259.4775390625,2024.2912090037128,6942.973401343534,8428.0498046875,56621500,159225400,509728100.0
2026-02-25,2092.41650390625,6990.69189453125,8322.228515625,2102.1486736918605,7038.409927941019,8373.4833984375,1965.898296693314,6919.114844416596,8259.7470703125,1965.898296693314,6942.97386112148,8318.14453125,103688300,133278000,441816300.0
2026-02-26,2024.291259765625,6966.83251953125,8235.26171875,2102.1486159104566,7038.40956596479,8358.95703125,1931.8356493436372,6871.396457619862,8139.82421875,2102.1486159104566,7014.550550486943,8351.3623046875,118703400,127811900,450264700.0
2026-02-27,2043.755615234375,6847.53759765625,8235.4853515625,2053.487784830729,6942.973661735083,8246.9541015625,1941.5678344726562,6847.53759765625,8093.7490234375,1975.6304280598958,6871.396613675958,8211.3046875,48542600,193104700,441200100.0
2026-03-02,2063.219970703125,6704.3837890625,8016.8330078125,2082.684310049381,6823.678874277135,8133.69189453125,1965.8982739718456,6656.665754976646,8016.8330078125,1995.0947829912295,6752.101823148354,8092.90478515625,81056200,156182700,527702300.0
2026-03-03,2072.9521484375,6752.10205078125,7939.76708984375,2160.5416758362676,6799.820086475817,8098.39208984375,2034.0234695936033,6704.384015086684,7932.52001953125,2082.684318148474,6752.10205078125,8059.8681640625,126545900,103031100,396162400.0
2026-03-04,1956.166015625,6561.2294921875,7577.06396484375,2063.219877176617,6752.101622869318,7897.81201171875,1873.442577153296,6513.511459517045,7486.32080078125,2053.487707944652,6752.101622869318,7896.376953125,125243700,216518700,485472100.0
2026-03-05,1965.898193359375,6775.9609375,7710.537109375,2014.5590397296564,6799.819954885564,7765.61279296875,1936.701685537206,6632.80683318662,7678.533203125,2004.8268704556,6656.665850572183,7695.34716796875,34233600,110256300,303915000.0
2026-03-06,1926.9696044921875,6680.52490234375,7585.68701171875,1975.6304530904752,6775.960972377232,7700.31787109375,1902.6391801930438,6680.52490234375,7500.0849609375,1946.4339439315027,6752.101954868862,7699.47314453125,26064100,102725700,291110400.0
2026-03-09,1892.906982421875,6561.2294921875,7337.369140625,1897.7730672095918,6632.806541193182,7403.73291015625,1712.8618452763496,6513.511459517045,7156.68310546875,1815.0496258184046,6585.088508522727,7374.31103515625,68683900,150426400,406185700.0
2026-03-10,1907.5052490234375,6656.66552734375,7440.9130859375,1931.8356731181243,6728.242576024865,7499.82421875,1853.978316015127,6608.947494889672,7372.8232421875,1907.5052490234375,6632.806511116711,7443.0458984375,46967300,129977900,309617900.0
2026-03-11,1810.1834716796875,6513.51123046875,7389.39892578125,1956.166009718372,6680.524338942308,7527.31884765625,1805.317387078398,6513.51123046875,7380.80810546875,1922.1034175093457,6656.6653234460855,7484.77392578125,43084500,91723400,253162500.0
2026-03-12,1829.6478271484375,6585.08837890625,7362.1171875,1888.0408429084941,6704.3834582342615,7436.4970703125,1790.7191499750666,6513.5113313094425,7323.7421875,1810.183488561752,6513.5113313094425,7398.85302734375,53847900,98787400,234355700.0
2026-03-13,1888.0408935546875,6561.2294921875,7137.2119140625,1931.8356565495126,6704.383590198864,7350.27978515625,1810.1835371194427,6537.370475852273,7132.2109375,1829.6478762282538,6537.370475852273,7338.82421875,60204600,107940600,256288700.0
2026-03-16,1824.78173828125,6441.93408203125,7022.2880859375,1897.7730078124998,6561.229157624421,7120.18505859375,1790.7191458333332,6394.216051793981,6917.32177734375,1892.9069231770832,6537.370142505787,7115.451171875,30043400,127757500,264167600.0
2026-03-17,1912.371337890625,6465.79345703125,7106.8388671875,1926.9695923783397,6513.51148992447,7148.2509765625,1839.3800654520514,6441.9344405846405,7059.89013671875,1849.112235110528,6441.9344405846405,7074.61083984375,68185100,160903900,226881800.0
2026-03-25,1956.166015625,6585.08837890625,7302.12109375,1975.6303540889303,6608.947394771852,7302.12109375,1849.1121540733832,6370.3572361158285,7057.22314453125,1858.8443233053483,6370.3572361158285,7084.6220703125,70312500,314281100,346637800.0
2026-03-26,1892.906982421875,6561.2294921875,7164.0908203125,1975.6304238130624,6656.665557528409,7323.7021484375,1892.906982421875,6537.370475852273,7152.591796875,1965.8982542376284,6585.088508522727,7313.6650390625,22152100,145934900,257658000.0
2026-03-27,1917.2374267578125,6394.21630859375,7097.05712890625,1946.4339357947335,6537.370405054804,7154.55810546875,1892.9070025603785,6394.21630859375,7070.2119140625,1902.639172239352,6465.793356824277,7136.3662109375,11335700,283556500,171896900.0
2026-03-30,1965.898193359375,6425.0966796875,7091.669921875,1995.0947011815438,6474.903630692829,7104.64208984375,1907.505177715037,6325.482777676842,6945.501953125,1907.505177715037,6375.289728682171,7020.5322265625,87376200,242278100,221811800.0
2026-03-31,1931.835693359375,6425.0966796875,7048.22216796875,1985.3626269285264,6524.710581698159,7155.5478515625,1917.2374387496063,6425.0966796875,7031.10498046875,1975.6304571886806,6425.0966796875,7122.9921875,53688200,150657800,231095700.0
2026-04-01,1956.166015625,6474.9033203125,7184.43798828125,1995.0946925528608,6624.324166165865,7207.166015625,1917.2373386971394,6474.9033203125,7136.2490234375,1946.4338463930349,6524.710268930288,7149.2529296875,91237500,132798100,295360000.0
2026-04-02,1829.6478271484375,6549.61376953125,7026.7822265625,1946.4338586685506,6574.517243940114,7161.796875,1824.781742501766,6474.903346304658,7019.23388671875,1946.4338586685506,6524.710295122386,7153.11376953125,99539800,72725400,225269500.0
2026-04-06,1761.522705078125,6474.9033203125,6989.42578125,1849.1122318499654,6599.420691856971,7009.22998046875,1722.5940265128627,6425.096371694712,6934.88916015625,1815.0496381053608,6574.517217548077,7001.56005859375,70864100,57914600,252607400.0
2026-04-07,1669.0670166015625,6474.9033203125,6971.02685546875,1780.9869623212007,6499.806794621394,7022.041015625,1664.2009320050563,6425.096371694712,6942.626953125,1771.2547931281888,6474.9033203125,7001.27783203125,93855600,65168700,225664500.0
2026-04-08,1727.4600830078125,6723.93798828125,7279.208984375,1756.656591453015,6823.551884403935,7281.86279296875,1669.0670661174076,6599.420618127893,7118.5810546875,1693.397489821743,6624.324092158565,7162.40576171875,94952700,163594000,380025400.0
2026-04-09,1712.86181640625,6450.0,7307.5888671875,1780.987002286044,6773.745173745174,7308.578125,1703.1296469948509,6425.0965250965255,7191.5859375,1732.3261552290483,6748.841698841699,7238.4619140625,62915000,182409800,258635500.0
2026-04-10,1732.326171875,6674.13134765625,7458.49609375,1746.9244261323736,6674.13134765625,7488.01708984375,1717.7279176176264,6450.000071055853,7346.494140625,1717.7279176176264,6499.807021411498,7346.494140625,51148400,167336100,355891700.0
2026-04-13,1790.71923828125,6549.61376953125,7500.18701171875,1800.4514080545175,6674.13114157557,7527.873046875,1732.326219641644,6549.61376953125,7351.36083984375,1742.0583894149115,6624.324192757842,7410.0849609375,41071200,81955300,373963700.0
2026-04-14,1863.71044921875,6723.93798828125,7675.951171875,1897.7730422854113,6773.744936342593,7686.35498046875,1824.78177142828,6649.227566189236,7592.744140625,1834.5139408758976,6649.227566189236,7598.7958984375,79387200,105010900,487814900.0
2026-04-15,1902.63916015625,6524.71044921875,7623.5859375,1965.8982626678387,6773.745199188931,7773.578125,1873.4426513047474,6524.71044921875,7623.5859375,1902.63916015625,6748.841724191913,7750.89599609375,101871900,104880600,463335700.0
2026-04-16,1888.0408935546875,6499.80712890625,7621.3818359375,1902.6391478862959,6624.324506854646,7705.02978515625,1849.112215337065,6474.903653316571,7575.52685546875,1902.6391478862959,6549.614080085608,7663.3408203125,47789400,122416100,364955200.0
2026-04-17,1883.1748046875,6400.19287109375,7634.00390625,1897.7730589874031,6524.710242126703,7673.85693359375,1863.7104656209626,6400.19287109375,7607.9609375,1888.0408894541345,6474.903293713522,7645.80517578125,30706900,156827000,359890300.0
2026-04-20,1853.978271484375,6450.0,7594.11083984375,1888.0408643987862,6549.6138996139,7692.14501953125,1849.1121867823163,6400.19305019305,7570.4248046875,1883.1747796967275,6425.0965250965255,7663.39501953125,19839200,137435700,375256000.0
2026-04-21,1815.049560546875,6474.9033203125,7559.3798828125,1849.1121528359583,6499.806794621394,7568.98876953125,1805.3173913214225,6400.192897385818,7511.828125,1849.1121528359583,6449.999846003606,7560.28515625,36164700,112151900,405582600.0
2026-04-22,1805.3175048828125,6425.0966796875,7541.61181640625,1834.5140143957422,6499.807106195494,7578.05078125,1795.5853350451694,6425.0966796875,7513.93896484375,1819.9157596392772,6450.000155190165,7528.3427734375,25625300,95673700,459264700.0
2026-04-23,1795.5853271484375,6400.19287109375,7378.60595703125,1829.6479214303863,6524.710242126703,7582.501953125,1766.38881776391,6400.19287109375,7378.60595703125,1824.781836532965,6425.0963453003405,7564.41796875,25486300,95913400,503505300.0
2026-04-24,1829.6478271484375,6026.64111328125,7129.490234375,1873.4425889684799,6400.193248401988,7383.39990234375,1780.9869806817237,6026.64111328125,7115.97119140625,1795.585234621738,6375.289772727272,7378.07177734375,48337900,435004800,415830600.0
2026-04-27,1839.3800048828125,5951.9306640625,7106.52001953125,1868.5765128968253,6026.641090808054,7230.0322265625,1834.5139202138103,5927.027188480649,7106.52001953125,1849.1121742208168,6001.737615226203,7158.5068359375,92119100,273263100,292563300.0
2026-04-28,1845.0,5976.833984375,7072.39208984375,1885.0,6051.544409179687,7151.505859375,1840.0,5927.027034505209,7032.98388671875,1875.0,6001.737459309896,7128.4658203125,22469000,174091200,272860900.0
2026-04-29,1860.0,5951.9306640625,7101.22607421875,1905.0,6026.641090808054,7126.06298828125,1850.0,5927.027188480649,7063.9921875,1850.0,5976.834139644351,7096.60888671875,29078600,176050900,398389400.0
2026-04-30,1850.0,5827.4130859375,6956.80419921875,1875.0,5951.9304595686435,7109.00390625,1780.0,5777.606136485043,6876.576171875,1870.0,5927.026984842415,7103.255859375,44570600,303405400,451512600.0
2026-05-04,1910.0,5877.22021484375,6971.953125,1990.0,5927.027165817002,7069.69482421875,1830.0,5777.6063128972455,6946.05615234375,1870.0,5777.6063128972455,6988.916015625,74095100,207566700,553310400.0
2026-05-05,1880.0,5927.02685546875,7057.10595703125,1925.0,6051.54422638196,7069.20703125,1855.0,5852.316432920825,6921.60888671875,1920.0,5877.2199071034665,6968.56591796875,31328700,179928300,364949700.0
2026-05-06,1880.0,5927.02685546875,7092.466796875,1900.0,5976.8338038340335,7127.72119140625,1865.0,5877.2199071034665,7049.919921875,1880.0,5927.02685546875,7086.33984375,20755900,90843100,338543400.0
2026-05-07,1870.0,6200.96533203125,7174.32080078125,1895.0,6300.579232947414,7207.0751953125,1845.0,5976.83405496988,7107.1748046875,1885.0,5976.83405496988,7160.7890625,18433400,238690900,327636900.0
2026-05-08,1825.0,6151.158203125,6969.39599609375,1880.0,6400.19294819079,7186.830078125,1800.0,6151.158203125,6969.39599609375,1880.0,6200.965152138158,7182.9609375,29909500,201784700,393674100.0
2026-05-11,1785.0,6126.2548828125,6905.6201171875,1830.0,6250.77225847942,7001.67919921875,1715.0,6076.447932545731,6846.6318359375,1805.0,6200.965308212652,6959.94287109375,69303200,126301300,353618500.0
2026-05-12,1825.0,6101.35107421875,6858.89892578125,1865.0,6126.254547991071,6977.2861328125,1765.0,6026.640652901785,6762.8779296875,1785.0,6101.35107421875,6946.84521484375,30827200,107394400,291969900.0
2026-05-13,1775.0,6076.44775390625,6723.31982421875,1825.0,6176.061651511271,6787.34521484375,1770.0,6001.7373307024845,6705.43310546875,1825.0,6101.351228307505,6763.94482421875,10882900,147339600,263137300.0
2026-05-14,1775.0,6076.44775390625,6723.31982421875,1775.0,6076.44775390625,6787.34521484375,1775.0,6076.44775390625,6705.43310546875,1775.0,6076.44775390625,6763.94482421875,0,0,263137300.0
2026-05-18,1665.0,6101.35107421875,6599.240234375,1770.0,6101.35107421875,6631.2822265625,1605.0,5877.219810267857,6398.7861328125,1770.0,5927.026757812499,6628.97607421875,56180800,208748400,280639000.0
2026-05-19,1530.0,5927.02685546875,6370.67919921875,1700.0,6176.061597295168,6635.126953125,1450.0,5927.02685546875,6323.26416015625,1685.0,6026.640752199318,6599.212890625,118628500,184830100,409331400.0
2026-05-20,1435.0,5951.9306640625,6318.5,1520.0,6076.448041971757,6459.55615234375,1380.0,5852.316761735094,6215.56201171875,1520.0,5951.9306640625,6352.2021484375,108619700,195107100,369455900.0
2026-05-21,1355.0,5927.02685546875,6094.94091796875,1460.0,6126.254648929885,6378.81103515625,1320.0,5902.123381286108,6080.9541015625,1455.0,5976.8338038340335,6366.48486328125,63249400,210976100,318636000.0
2026-05-22,1480.0,5877.22021484375,6162.044921875,1490.0,5951.930641303628,6171.966796875,1275.0,5802.509788383872,5966.85986328125,1340.0,5877.22021484375,6065.6259765625,46833800,288919700,313365000.0
2026-05-25,1550.0,6076.44775390625,6206.34912109375,1620.0,6151.1581771100155,6239.59423828125,1485.0,5902.123433097465,6124.578125,1535.0,5927.026907498719,6187.65478515625,38980100,263179200,240896500.0
2026-05-26,1510.0,5951.9306640625,6130.18994140625,1560.0,6076.448041971757,6286.8720703125,1495.0,5927.027188480649,6124.7939453125,1560.0,6026.641090808054,6201.80419921875,15445900,225158700,210088300.0
2026-05-27,1510.0,5951.9306640625,6130.18994140625,1510.0,5951.9306640625,6286.8720703125,1510.0,5951.9306640625,6124.7939453125,1510.0,5951.9306640625,6201.80419921875,0,0,210088300.0
2026-05-29,1530.0,5677.9921875,6127.380859375,1670.0,5852.3165090460525,6230.5,1525.0,5677.9921875,6111.97119140625,1550.0,5727.799136513158,6112.77001953125,53493300,1014028000,391356100.0
2026-06-02,1450.0,5802.509765625,6195.4267578125,1545.0,5852.316716402897,6264.26123046875,1440.0,5677.992388680258,6143.625,1530.0,5727.7993394581545,6210.00390625,42953000,346305200,253584400.0
2026-06-03,1305.0,5503.66796875,5941.06591796875,1475.0,5802.509668410634,6213.80078125,1290.0,5503.66796875,5841.99609375,1450.0,5752.702718467195,6207.10205078125,56728300,353332300,344582700.0
2026-06-04,1380.0,5404.05419921875,5839.78515625,1425.0,5578.378528225807,5924.5078125,1265.0,5279.536821356567,5644.23388671875,1305.0,5453.861150363624,5919.56494140625,48988500,550059500,325839700.0
2026-06-05,1400.0,5055.4052734375,5594.76513671875,1495.0,5354.24696447814,5860.6708984375,1365.0,5055.4052734375,5594.11083984375,1385.0,5304.440015971367,5846.4912109375,66963000,572612000,242414700.0
2026-06-08,1450.0,4831.27392578125,5342.13720703125,1480.0,5030.501716535116,5523.94189453125,1320.0,4831.27392578125,5317.908203125,1360.0,4930.887821158183,5486.31103515625,56208800,705093300,259538800.0
2026-06-09,1585.0,5130.11572265625,5746.64794921875,1615.0,5130.11572265625,5746.64794921875,1375.0,4801.389860816141,5318.14501953125,1445.0,4831.274030074333,5344.68798828125,73525900,772898000,353501300.0
2026-06-10,1540.0,5628.18505859375,5902.3759765625,1645.0,5677.992006014933,5942.94287109375,1535.0,5155.0190580925055,5677.96484375,1645.0,5155.0190580925055,5744.05908203125,45828500,747366000,401184200.0
2026-06-11,1465.0,5802.509765625,5886.0322265625,1570.0,5852.316716402897,6010.48779296875,1435.0,5528.571536346567,5784.505859375,1515.0,5628.185437902361,5899.26513671875,30318000,543032300,241605500.0
2026-06-12,1575.0,5902.12353515625,6007.65576171875,1640.0,6076.44785897943,6074.07177734375,1485.0,5877.220060324366,5952.85205078125,1495.0,5976.833959651898,5960.4150390625,43266800,415872300,324098600.0
2026-06-15,1660.0,6250.77197265625,6254.9658203125,1695.0,6400.192816624129,6345.798828125,1580.0,6076.447654693725,6118.076171875,1620.0,6076.447654693725,6118.72509765625,63998000,480395000,471692100.0
2026-06-17,1600.0,6250.77197265625,6220.740234375,1685.0,6524.71018659736,6377.18994140625,1590.0,6250.77197265625,6179.666015625,1660.0,6375.289342629482,6321.9609375,23919800,467494300,274699900.0
2026-06-18,1600.0,6051.54443359375,6172.33984375,1630.0,6250.772233876672,6197.1708984375,1575.0,6051.54443359375,6073.72412109375,1605.0,6225.868758841307,6191.89111328125,12155500,232489300,215751200.0
2026-06-19,1515.0,6275.67578125,6177.13916015625,1605.0,6275.67578125,6215.06298828125,1515.0,6026.641028025793,6117.30908203125,1605.0,6026.641028025793,6161.4560546875,77093200,366595500,266832600.0
2026-06-22,1530.0,6200.96533203125,6116.68994140625,1580.0,6375.289658634538,6226.716796875,1515.0,6101.351431115085,6052.93701171875,1535.0,6375.289658634538,6217.048828125,20502000,193401600,180410600.0
2026-06-23,1525.0,6101.35107421875,6101.3330078125,1540.0,6176.061495535714,6121.77490234375,1480.0,6051.544126674107,5993.037109375,1535.0,6126.254547991071,6096.4990234375,9763900,144561900,198230600.0
2026-06-24,1440.0,5902.12353515625,5883.880859375,1530.0,6176.061758306962,6171.3798828125,1425.0,5902.12353515625,5876.93408203125,1525.0,6101.351333811313,6128.27099609375,25313900,144928800,228307800.0
2026-06-25,1395.0,6001.7373046875,5999.0380859375,1450.0,6151.158150447354,6056.2001953125,1375.0,5877.219933220954,5864.00390625,1440.0,5877.219933220954,5873.06982421875,41079800,197935000,187930400.0
2026-06-26,1365.0,6151.158203125,5896.1337890625,1410.0,6151.158203125,6045.2578125,1330.0,6001.737356085527,5830.14404296875,1400.0,6026.640830592106,6010.3388671875,29328500,163378700,171995200.0
2026-06-29,1365.0,5902.12353515625,5820.7900390625,1390.0,6176.061758306962,5942.77197265625,1355.0,5902.12353515625,5800.2890625,1355.0,6151.158283475079,5932.02880859375,9282400,189886600,117823200.0
2026-06-30,1345.0,5528.5712890625,5643.19384765625,1405.0,5802.509506088119,5811.6689453125,1330.0,5528.5712890625,5638.57421875,1365.0,5752.702557538007,5801.4541015625,25923200,440738300,177538200.0
2026-07-01,1380.0,5578.37841796875,5695.1162109375,1410.0,5727.799268450056,5737.73583984375,1340.0,5528.571467808315,5607.451171875,1345.0,5528.571467808315,5640.61083984375,9913900,124123800,157577500.0
2026-07-02,1380.0,5777.60595703125,5744.55615234375,1420.0,5852.316378889413,5806.71484375,1370.0,5603.281639362204,5704.4990234375,1390.0,5628.185113314925,5709.841796875,12560700,145119400,172862900.0
2026-07-03,1445.0,6026.64111328125,5875.77978515625,1460.0,6126.255015980113,5899.3017578125,1390.0,5877.220259232954,5805.921875,1390.0,5902.12373490767,5806.1669921875,17341000,200465200,158006000.0
2026-07-06,1420.0,6101.35107421875,5916.06982421875,1455.0,6151.158021763393,5935.68310546875,1405.0,5951.930231584821,5857.35009765625,1450.0,6026.640652901785,5893.28076171875,10453100,148684900,176040400.0
2026-07-07,1415.0,6275.67578125,5986.4970703125,1430.0,6275.67578125,5987.01123046875,1400.0,6126.254929315476,5890.44091796875,1430.0,6176.061879960317,5933.57421875,6843700,183472100,197234200.0
2026-07-08,1385.0,6151.158203125,5873.3720703125,1415.0,6300.579050164474,5984.47314453125,1385.0,6151.158203125,5872.01611328125,1415.0,6275.675575657895,5984.18212890625,12072700,181123400,186818300.0
2026-07-09,1415.0,6176.0615234375,5912.44189453125,1435.0,6176.0615234375,5912.44189453125,1385.0,6026.640680128528,5839.6689453125,1385.0,6076.447627898186,5865.76806640625,15137700,181155800,220556700.0
2026-07-10,1450.0,6151.158203125,5924.35986328125,1465.0,6275.675575657895,5949.9912109375,1415.0,6101.3512541118425,5887.8349609375,1425.0,6275.675575657895,5936.037109375,17377700,138050500,142216700.0
2026-07-13,1500.0,6200.96533203125,6037.841796875,1500.0,6225.868807260291,6037.841796875,1425.0,6051.544480657003,5898.14697265625,1460.0,6126.2549063441265,5934.71923828125,18827800,180061600,224210800.0
2026-07-14,1500.0,6101.35107421875,6039.52099609375,1535.0,6225.868443080357,6095.01611328125,1490.0,6051.544126674107,6002.90087890625,1510.0,6200.9649693080355,6057.76123046875,24204600,159868800,252906400.0
2026-07-15,1515.0,6101.35107421875,6041.97216796875,1535.0,6176.061495535714,6081.22802734375,1500.0,6051.544126674107,6007.1728515625,1515.0,6101.35107421875,6068.0322265625,16718100,140824900,187169500.0
2026-07-16,1530.0,6200.96533203125,6108.208984375,1555.0,6200.96533203125,6108.208984375,1500.0,6076.447955886044,6024.35400390625,1515.0,6101.351431115085,6056.74609375,29685600,94235100,235078700.0
2026-07-17,1530.0,6450.0,6175.53515625,1540.0,6474.903474903475,6192.658203125,1515.0,6176.061776061776,6079.31787109375,1530.0,6200.965250965251,6112.841796875,9707300,314564200,205704000.0
2026-07-20,1560.0,6450.0,6231.77978515625,1595.0,6599.42084942085,6249.90283203125,1520.0,6450.0,6191.0419921875,1535.0,6499.80694980695,6197.47607421875,27589500,298183300,282256800.0
2026-07-21,1545.0,6499.80712890625,6340.02001953125,1570.0,6524.710604495929,6340.02001953125,1535.0,6400.193226547533,6247.35302734375,1560.0,6524.710604495929,6273.57080078125,24892400,146064700,441307800.0
2026-07-22,1550.0,6474.9033203125,6334.47607421875,1595.0,6524.710268930288,6394.68603515625,1540.0,6375.2894230769225,6284.8818359375,1550.0,6499.806794621394,6366.01220703125,31722900,112178900,422793200.0
2026-07-23,1570.0,6250.77197265625,6315.31103515625,1625.0,6449.999764613421,6454.30908203125,1545.0,6225.868498661604,6306.64599609375,1560.0,6425.096290618774,6346.6162109375,49398300,207037900,570639300.0
2026-07-24,1480.0,6250.77197265625,6196.43017578125,1550.0,6275.675446650896,6268.5341796875,1450.0,6101.351128688371,6159.14501953125,1550.0,6176.061550672311,6266.97509765625,46336700,191428900,330175800.0
2026-07-27,1475.0,6275.67578125,6185.783203125,1515.0,6300.5792565724205,6219.41796875,1460.0,6101.351453993056,6144.27392578125,1480.0,6200.965355282738,6185.798828125,19664000,125142500,241884600.0
2026-07-28,1470.0,6200.96533203125,6130.587890625,1520.0,6275.6757577183735,6199.43994140625,1460.0,6176.061856802208,6130.587890625,1475.0,6225.868807260291,6175.1982421875,26240500,122920300,198014300.0
2026-07-29,1440.0,6250.77197265625,6091.38623046875,1495.0,6275.675446650896,6174.4130859375,1420.0,6151.158076677664,6029.32421875,1490.0,6151.158076677664,6141.162109375,30649700,122379600,288519700.0
2026-07-30,1490.0,6425.0966796875,6186.36279296875,1510.0,6425.0966796875,6186.36279296875,1440.0,6225.868875666182,6106.5458984375,1445.0,6300.5793021741765,6110.283203125,38175300,152663200,231176100.0
2026-07-31,1515.0,6300.5791015625,6236.1259765625,1525.0,6425.096475111166,6236.615234375,1490.0,6300.5791015625,6201.89404296875,1505.0,6400.193000401432,6219.623046875,29821500,153174800,274629600.0
2026-08-03,1500.0,6275.67578125,6234.4970703125,1540.0,6300.5792565724205,6273.326171875,1485.0,6250.7723059275795,6212.55078125,1540.0,6275.67578125,6272.6171875,17199900,68143700,347512800.0
2026-08-04,1605.0,6474.9033203125,6319.61279296875,1610.0,6474.9033203125,6319.61279296875,1505.0,6325.482474459134,6238.39892578125,1510.0,6350.385948768028,6254.77978515625,50766400,138953100,291916500.0
2026-08-05,1615.0,6425.0966796875,6351.13916015625,1655.0,6474.903630692829,6367.82080078125,1595.0,6400.193204184836,6316.10302734375,1610.0,6474.903630692829,6338.5908203125,76912000,101666100,350837500.0
2026-08-06,1595.0,6325.482421875,6343.7109375,1650.0,6449.99979238435,6388.2041015625,1590.0,6325.482421875,6324.06103515625,1620.0,6425.096318282481,6379.91796875,21220700,80734000,506076700.0
2026-08-07,1620.0,6350.38623046875,6409.65380859375,1630.0,6425.096656709558,6409.65380859375,1590.0,6300.579279641544,6347.42919921875,1600.0,6350.38623046875,6352.3759765625,21433500,111930800,335303800.0
2026-08-10,1595.0,6350.38623046875,6365.3740234375,1630.0,6425.096656709558,6462.73779296875,1575.0,6325.482755055147,6362.7578125,1620.0,6375.289705882353,6440.59716796875,19879500,88666100,395862600.0
2026-08-11,1570.0,6275.67578125,6267.8798828125,1605.0,6375.289682539683,6388.5810546875,1545.0,6176.061879960317,6230.09716796875,1595.0,6350.3862072172615,6383.81005859375,24035100,112490800,324921400.0
2026-08-12,1615.0,6325.482421875,6373.84912109375,1615.0,6325.482421875,6373.84912109375,1560.0,6200.96505136565,6272.30322265625,1570.0,6275.67547367126,6277.76318359375,22234200,87177100,294722600.0
2026-08-13,1570.0,6350.38623046875,6301.76513671875,1620.0,6350.38623046875,6390.3291015625,1565.0,6225.868853400735,6281.57177734375,1610.0,6325.482755055147,6388.23388671875,11889200,83208000,236598700.0
2026-08-14,1680.0,6325.482421875,6401.88818359375,1700.0,6325.482421875,6401.88818359375,1565.0,6250.77199956939,6267.4072265625,1575.0,6275.67547367126,6296.5927734375,46612300,56953500,226720200.0
2026-08-18,1675.0,6275.67578125,6449.830078125,1740.0,6425.096633184524,6490.64892578125,1675.0,6275.67578125,6448.26416015625,1685.0,6350.3862072172615,6448.828125,44064800,114945500,288255000.0
2026-08-19,1635.0,6275.67578125,6394.125,1670.0,6400.193157862103,6490.9130859375,1630.0,6275.67578125,6373.81005859375,1670.0,6275.67578125,6408.1767578125,30403700,68105000,295308900.0
2026-08-20,1690.0,6375.28955078125,6501.5849609375,1705.0,6375.28955078125,6514.67822265625,1645.0,6275.675651550293,6444.39501953125,1655.0,6325.4826011657715,6447.25,31002000,67749800,349455200.0
2026-08-21,1675.0,6425.0966796875,6525.68994140625,1700.0,6450.000155190165,6551.95703125,1665.0,6375.289728682171,6507.43408203125,1690.0,6375.289728682171,6524.0751953125,15683700,100684300,378269100.0
2026-08-24,1680.0,6375.28955078125,6501.6669921875,1725.0,6425.0965003967285,6551.0029296875,1675.0,6325.4826011657715,6474.57177734375,1680.0,6425.0965003967285,6544.001953125,39371200,81295600,296534200.0
2026-08-26,1685.0,6325.482421875,6405.68505859375,1725.0,6425.096318282481,6532.1708984375,1680.0,6325.482421875,6405.68505859375,1710.0,6425.096318282481,6507.14208984375,46383900,86115900,329574600.0
2026-08-27,1720.0,6375.28955078125,6521.75,1740.0,6400.193025588989,6521.75,1650.0,6300.579126358032,6376.65380859375,1680.0,6325.4826011657715,6390.35302734375,28323400,60556000,282061000.0
2026-08-28,1710.0,6450.0,6518.12109375,1780.0,6499.80694980695,6566.90478515625,1685.0,6375.289575289576,6495.73681640625,1735.0,6400.19305019305,6535.71923828125,35603700,156445200,266064500.0
2026-08-31,1750.0,6475.0,6525.47802734375,1785.0,6525.0,6528.09912109375,1665.0,6400.0,6476.1748046875,1695.0,6450.0,6511.10595703125,56111600,230904500,389387600.0
2026-09-01,1685.0,6600.0,6599.94287109375,1765.0,6600.0,6608.18310546875,1670.0,6425.0,6535.796875,1755.0,6450.0,6538.123046875,52603300,117969900,418545000.0
2026-09-02,1595.0,6675.0,6595.77587890625,1670.0,6725.0,6629.54296875,1575.0,6600.0,6561.0029296875,1670.0,6650.0,6625.39306640625,112879900,100935400,331276500.0
2026-09-03,1660.0,6775.0,6667.89111328125,1670.0,6800.0,6681.837890625,1600.0,6625.0,6614.7138671875,1600.0,6700.0,6632.828125,56468500,112324100,373613100.0
2026-09-04,1655.0,6700.0,6636.47509765625,1670.0,6850.0,6704.125,1625.0,6675.0,6633.9150390625,1665.0,6800.0,6695.69482421875,25229600,93923500,278246600.0
2026-09-07,1645.0,6625.0,6619.6728515625,1670.0,6750.0,6667.7529296875,1630.0,6600.0,6610.93310546875,1655.0,6750.0,6652.0908203125,17833800,65118000,302047400.0
2026-09-08,1635.0,6675.0,6686.44189453125,1660.0,6775.0,6696.283203125,1625.0,6575.0,6636.93603515625,1640.0,6600.0,6639.51123046875,27448600,108127600,326049000.0
2026-09-09,1675.0,6525.0,6678.201171875,1685.0,6700.0,6707.30517578125,1635.0,6500.0,6642.15283203125,1640.0,6700.0,6700.8388671875,36754200,193375100,287063700.0
2026-09-10,1645.0,6425.0,6589.337890625,1700.0,6600.0,6712.501953125,1640.0,6425.0,6585.56298828125,1690.0,6575.0,6688.1748046875,35971600,196819200,403016100.0
2026-09-11,1600.0,6325.0,6541.376953125,1645.0,6400.0,6552.7919921875,1585.0,6250.0,6462.9599609375,1645.0,6400.0,6552.7919921875,37918600,187922700,266825300.0
2026-09-14,1595.0,6500.0,6534.69287109375,1610.0,6575.0,6550.0,1560.0,6275.0,6371.39501953125,1600.0,6325.0,6533.8681640625,26575400,218017200,306250700.0
2026-09-15,1580.0,6400.0,6461.15283203125,1605.0,6500.0,6549.60400390625,1575.0,6350.0,6461.01416015625,1600.0,6500.0,6544.77392578125,16604600,95608200,236697900.0
2026-09-16,1510.0,6325.0,6436.85302734375,1615.0,6425.0,6535.4599609375,1510.0,6325.0,6436.85302734375,1580.0,6350.0,6453.9140625,66181500,72157400,222552300.0
2026-09-17,1570.0,6350.0,6462.43115234375,1590.0,6400.0,6500.4072265625,1505.0,6325.0,6418.1279296875,1510.0,6400.0,6455.03076171875,40031500,61812000,246532800.0
2026-09-18,1590.0,6300.0,6441.1591796875,1600.0,6350.0,6521.02099609375,1570.0,6225.0,6419.4951171875,1590.0,6325.0,6512.56884765625,24515300,176753700,283004400.0
2026-09-21,1535.0,6225.0,6384.72607421875,1595.0,6300.0,6451.33203125,1535.0,6225.0,6381.56982421875,1590.0,6300.0,6446.89599609375,25188800,69914100,232135300.0
2026-09-22,1520.0,6200.0,6277.0439453125,1570.0,6250.0,6423.837890625,1510.0,6175.0,6258.43603515625,1530.0,6225.0,6392.3349609375,23520200,93211200,292579800.0
2026-09-23,1560.0,6300.0,6374.912109375,1570.0,6300.0,6380.166015625,1530.0,6200.0,6253.73583984375,1530.0,6200.0,6297.955078125,21588000,96826100,273797800.0
2026-09-24,1535.0,6225.0,6298.60693359375,1560.0,6275.0,6368.5732421875,1530.0,6225.0,6287.4560546875,1560.0,6250.0,6364.97607421875,11022400,75648600,230443500.0
2026-09-25,1525.0,6250.0,6241.89208984375,1545.0,6275.0,6328.4130859375,1520.0,6200.0,6231.8330078125,1535.0,6225.0,6315.5341796875,10202200,89447400,238522200.0
